<svg width="1572" height="656" viewBox="0 0 1572 656" fill="none" xmlns="http://www.w3.org/2000/svg">
<rect x="98" y="291" width="150" height="150" rx="75" fill="#EC7448" style="fill:#EC7448;fill:color(display-p3 0.9249 0.4544 0.2806);fill-opacity:1;"/>
<path d="M129.1 359.1V373H126.82V366.92H120.28V373H118V359.1H120.28V365.06H126.82V359.1H129.1ZM136.882 373.18C135.842 373.18 134.902 372.947 134.062 372.48C133.222 372 132.562 371.333 132.082 370.48C131.602 369.613 131.362 368.613 131.362 367.48C131.362 366.36 131.608 365.367 132.102 364.5C132.595 363.633 133.268 362.967 134.122 362.5C134.975 362.033 135.928 361.8 136.982 361.8C138.035 361.8 138.988 362.033 139.842 362.5C140.695 362.967 141.368 363.633 141.862 364.5C142.355 365.367 142.602 366.36 142.602 367.48C142.602 368.6 142.348 369.593 141.842 370.46C141.335 371.327 140.642 372 139.762 372.48C138.895 372.947 137.935 373.18 136.882 373.18ZM136.882 371.2C137.468 371.2 138.015 371.06 138.522 370.78C139.042 370.5 139.462 370.08 139.782 369.52C140.102 368.96 140.262 368.28 140.262 367.48C140.262 366.68 140.108 366.007 139.802 365.46C139.495 364.9 139.088 364.48 138.582 364.2C138.075 363.92 137.528 363.78 136.942 363.78C136.355 363.78 135.808 363.92 135.302 364.2C134.808 364.48 134.415 364.9 134.122 365.46C133.828 366.007 133.682 366.68 133.682 367.48C133.682 368.667 133.982 369.587 134.582 370.24C135.195 370.88 135.962 371.2 136.882 371.2ZM158.195 361.8C159.062 361.8 159.835 361.98 160.515 362.34C161.209 362.7 161.749 363.233 162.135 363.94C162.535 364.647 162.735 365.5 162.735 366.5V373H160.475V366.84C160.475 365.853 160.229 365.1 159.735 364.58C159.242 364.047 158.569 363.78 157.715 363.78C156.862 363.78 156.182 364.047 155.675 364.58C155.182 365.1 154.935 365.853 154.935 366.84V373H152.675V366.84C152.675 365.853 152.429 365.1 151.935 364.58C151.442 364.047 150.769 363.78 149.915 363.78C149.062 363.78 148.382 364.047 147.875 364.58C147.382 365.1 147.135 365.853 147.135 366.84V373H144.855V361.98H147.135V363.24C147.509 362.787 147.982 362.433 148.555 362.18C149.129 361.927 149.742 361.8 150.395 361.8C151.275 361.8 152.062 361.987 152.755 362.36C153.449 362.733 153.982 363.273 154.355 363.98C154.689 363.313 155.209 362.787 155.915 362.4C156.622 362 157.382 361.8 158.195 361.8ZM175.737 367.22C175.737 367.633 175.71 368.007 175.657 368.34H167.237C167.303 369.22 167.63 369.927 168.217 370.46C168.803 370.993 169.523 371.26 170.377 371.26C171.603 371.26 172.47 370.747 172.977 369.72H175.437C175.103 370.733 174.497 371.567 173.617 372.22C172.75 372.86 171.67 373.18 170.377 373.18C169.323 373.18 168.377 372.947 167.537 372.48C166.71 372 166.057 371.333 165.577 370.48C165.11 369.613 164.877 368.613 164.877 367.48C164.877 366.347 165.103 365.353 165.557 364.5C166.023 363.633 166.67 362.967 167.497 362.5C168.337 362.033 169.297 361.8 170.377 361.8C171.417 361.8 172.343 362.027 173.157 362.48C173.97 362.933 174.603 363.573 175.057 364.4C175.51 365.213 175.737 366.153 175.737 367.22ZM173.357 366.5C173.343 365.66 173.043 364.987 172.457 364.48C171.87 363.973 171.143 363.72 170.277 363.72C169.49 363.72 168.817 363.973 168.257 364.48C167.697 364.973 167.363 365.647 167.257 366.5H173.357ZM180.26 363.6C180.647 363.093 181.174 362.667 181.84 362.32C182.507 361.973 183.26 361.8 184.1 361.8C185.06 361.8 185.934 362.04 186.72 362.52C187.52 362.987 188.147 363.647 188.6 364.5C189.054 365.353 189.28 366.333 189.28 367.44C189.28 368.547 189.054 369.54 188.6 370.42C188.147 371.287 187.52 371.967 186.72 372.46C185.934 372.94 185.06 373.18 184.1 373.18C183.26 373.18 182.514 373.013 181.86 372.68C181.207 372.333 180.674 371.907 180.26 371.4V378.24H177.98V361.98H180.26V363.6ZM186.96 367.44C186.96 366.68 186.8 366.027 186.48 365.48C186.174 364.92 185.76 364.5 185.24 364.22C184.734 363.927 184.187 363.78 183.6 363.78C183.027 363.78 182.48 363.927 181.96 364.22C181.454 364.513 181.04 364.94 180.72 365.5C180.414 366.06 180.26 366.72 180.26 367.48C180.26 368.24 180.414 368.907 180.72 369.48C181.04 370.04 181.454 370.467 181.96 370.76C182.48 371.053 183.027 371.2 183.6 371.2C184.187 371.2 184.734 371.053 185.24 370.76C185.76 370.453 186.174 370.013 186.48 369.44C186.8 368.867 186.96 368.2 186.96 367.44ZM190.775 367.44C190.775 366.333 191.002 365.353 191.455 364.5C191.922 363.647 192.548 362.987 193.335 362.52C194.135 362.04 195.015 361.8 195.975 361.8C196.842 361.8 197.595 361.973 198.235 362.32C198.888 362.653 199.408 363.073 199.795 363.58V361.98H202.095V373H199.795V371.36C199.408 371.88 198.882 372.313 198.215 372.66C197.548 373.007 196.788 373.18 195.935 373.18C194.988 373.18 194.122 372.94 193.335 372.46C192.548 371.967 191.922 371.287 191.455 370.42C191.002 369.54 190.775 368.547 190.775 367.44ZM199.795 367.48C199.795 366.72 199.635 366.06 199.315 365.5C199.008 364.94 198.602 364.513 198.095 364.22C197.588 363.927 197.042 363.78 196.455 363.78C195.868 363.78 195.322 363.927 194.815 364.22C194.308 364.5 193.895 364.92 193.575 365.48C193.268 366.027 193.115 366.68 193.115 367.44C193.115 368.2 193.268 368.867 193.575 369.44C193.895 370.013 194.308 370.453 194.815 370.76C195.335 371.053 195.882 371.2 196.455 371.2C197.042 371.2 197.588 371.053 198.095 370.76C198.602 370.467 199.008 370.04 199.315 369.48C199.635 368.907 199.795 368.24 199.795 367.48ZM209.53 361.8C210.383 361.8 211.137 361.973 211.79 362.32C212.457 362.653 212.977 363.073 213.35 363.58V361.98H215.65V373.18C215.65 374.193 215.437 375.093 215.01 375.88C214.583 376.68 213.963 377.307 213.15 377.76C212.35 378.213 211.39 378.44 210.27 378.44C208.777 378.44 207.537 378.087 206.55 377.38C205.563 376.687 205.003 375.74 204.87 374.54H207.13C207.303 375.113 207.67 375.573 208.23 375.92C208.803 376.28 209.483 376.46 210.27 376.46C211.19 376.46 211.93 376.18 212.49 375.62C213.063 375.06 213.35 374.247 213.35 373.18V371.34C212.963 371.86 212.437 372.3 211.77 372.66C211.117 373.007 210.37 373.18 209.53 373.18C208.57 373.18 207.69 372.94 206.89 372.46C206.103 371.967 205.477 371.287 205.01 370.42C204.557 369.54 204.33 368.547 204.33 367.44C204.33 366.333 204.557 365.353 205.01 364.5C205.477 363.647 206.103 362.987 206.89 362.52C207.69 362.04 208.57 361.8 209.53 361.8ZM213.35 367.48C213.35 366.72 213.19 366.06 212.87 365.5C212.563 364.94 212.157 364.513 211.65 364.22C211.143 363.927 210.597 363.78 210.01 363.78C209.423 363.78 208.877 363.927 208.37 364.22C207.863 364.5 207.45 364.92 207.13 365.48C206.823 366.027 206.67 366.68 206.67 367.44C206.67 368.2 206.823 368.867 207.13 369.44C207.45 370.013 207.863 370.453 208.37 370.76C208.89 371.053 209.437 371.2 210.01 371.2C210.597 371.2 211.143 371.053 211.65 370.76C212.157 370.467 212.563 370.04 212.87 369.48C213.19 368.907 213.35 368.24 213.35 367.48ZM228.745 367.22C228.745 367.633 228.718 368.007 228.665 368.34H220.245C220.311 369.22 220.638 369.927 221.225 370.46C221.811 370.993 222.531 371.26 223.385 371.26C224.611 371.26 225.478 370.747 225.985 369.72H228.445C228.111 370.733 227.505 371.567 226.625 372.22C225.758 372.86 224.678 373.18 223.385 373.18C222.331 373.18 221.385 372.947 220.545 372.48C219.718 372 219.065 371.333 218.585 370.48C218.118 369.613 217.885 368.613 217.885 367.48C217.885 366.347 218.111 365.353 218.565 364.5C219.031 363.633 219.678 362.967 220.505 362.5C221.345 362.033 222.305 361.8 223.385 361.8C224.425 361.8 225.351 362.027 226.165 362.48C226.978 362.933 227.611 363.573 228.065 364.4C228.518 365.213 228.745 366.153 228.745 367.22ZM226.365 366.5C226.351 365.66 226.051 364.987 225.465 364.48C224.878 363.973 224.151 363.72 223.285 363.72C222.498 363.72 221.825 363.973 221.265 364.48C220.705 364.973 220.371 365.647 220.265 366.5H226.365Z" fill="#484848" style="fill:#484848;fill:color(display-p3 0.2816 0.2816 0.2816);fill-opacity:1;"/>
<path d="M129.1 359.1V373H126.82V366.92H120.28V373H118V359.1H120.28V365.06H126.82V359.1H129.1ZM136.882 373.18C135.842 373.18 134.902 372.947 134.062 372.48C133.222 372 132.562 371.333 132.082 370.48C131.602 369.613 131.362 368.613 131.362 367.48C131.362 366.36 131.608 365.367 132.102 364.5C132.595 363.633 133.268 362.967 134.122 362.5C134.975 362.033 135.928 361.8 136.982 361.8C138.035 361.8 138.988 362.033 139.842 362.5C140.695 362.967 141.368 363.633 141.862 364.5C142.355 365.367 142.602 366.36 142.602 367.48C142.602 368.6 142.348 369.593 141.842 370.46C141.335 371.327 140.642 372 139.762 372.48C138.895 372.947 137.935 373.18 136.882 373.18ZM136.882 371.2C137.468 371.2 138.015 371.06 138.522 370.78C139.042 370.5 139.462 370.08 139.782 369.52C140.102 368.96 140.262 368.28 140.262 367.48C140.262 366.68 140.108 366.007 139.802 365.46C139.495 364.9 139.088 364.48 138.582 364.2C138.075 363.92 137.528 363.78 136.942 363.78C136.355 363.78 135.808 363.92 135.302 364.2C134.808 364.48 134.415 364.9 134.122 365.46C133.828 366.007 133.682 366.68 133.682 367.48C133.682 368.667 133.982 369.587 134.582 370.24C135.195 370.88 135.962 371.2 136.882 371.2ZM158.195 361.8C159.062 361.8 159.835 361.98 160.515 362.34C161.209 362.7 161.749 363.233 162.135 363.94C162.535 364.647 162.735 365.5 162.735 366.5V373H160.475V366.84C160.475 365.853 160.229 365.1 159.735 364.58C159.242 364.047 158.569 363.78 157.715 363.78C156.862 363.78 156.182 364.047 155.675 364.58C155.182 365.1 154.935 365.853 154.935 366.84V373H152.675V366.84C152.675 365.853 152.429 365.1 151.935 364.58C151.442 364.047 150.769 363.78 149.915 363.78C149.062 363.78 148.382 364.047 147.875 364.58C147.382 365.1 147.135 365.853 147.135 366.84V373H144.855V361.98H147.135V363.24C147.509 362.787 147.982 362.433 148.555 362.18C149.129 361.927 149.742 361.8 150.395 361.8C151.275 361.8 152.062 361.987 152.755 362.36C153.449 362.733 153.982 363.273 154.355 363.98C154.689 363.313 155.209 362.787 155.915 362.4C156.622 362 157.382 361.8 158.195 361.8ZM175.737 367.22C175.737 367.633 175.71 368.007 175.657 368.34H167.237C167.303 369.22 167.63 369.927 168.217 370.46C168.803 370.993 169.523 371.26 170.377 371.26C171.603 371.26 172.47 370.747 172.977 369.72H175.437C175.103 370.733 174.497 371.567 173.617 372.22C172.75 372.86 171.67 373.18 170.377 373.18C169.323 373.18 168.377 372.947 167.537 372.48C166.71 372 166.057 371.333 165.577 370.48C165.11 369.613 164.877 368.613 164.877 367.48C164.877 366.347 165.103 365.353 165.557 364.5C166.023 363.633 166.67 362.967 167.497 362.5C168.337 362.033 169.297 361.8 170.377 361.8C171.417 361.8 172.343 362.027 173.157 362.48C173.97 362.933 174.603 363.573 175.057 364.4C175.51 365.213 175.737 366.153 175.737 367.22ZM173.357 366.5C173.343 365.66 173.043 364.987 172.457 364.48C171.87 363.973 171.143 363.72 170.277 363.72C169.49 363.72 168.817 363.973 168.257 364.48C167.697 364.973 167.363 365.647 167.257 366.5H173.357ZM180.26 363.6C180.647 363.093 181.174 362.667 181.84 362.32C182.507 361.973 183.26 361.8 184.1 361.8C185.06 361.8 185.934 362.04 186.72 362.52C187.52 362.987 188.147 363.647 188.6 364.5C189.054 365.353 189.28 366.333 189.28 367.44C189.28 368.547 189.054 369.54 188.6 370.42C188.147 371.287 187.52 371.967 186.72 372.46C185.934 372.94 185.06 373.18 184.1 373.18C183.26 373.18 182.514 373.013 181.86 372.68C181.207 372.333 180.674 371.907 180.26 371.4V378.24H177.98V361.98H180.26V363.6ZM186.96 367.44C186.96 366.68 186.8 366.027 186.48 365.48C186.174 364.92 185.76 364.5 185.24 364.22C184.734 363.927 184.187 363.78 183.6 363.78C183.027 363.78 182.48 363.927 181.96 364.22C181.454 364.513 181.04 364.94 180.72 365.5C180.414 366.06 180.26 366.72 180.26 367.48C180.26 368.24 180.414 368.907 180.72 369.48C181.04 370.04 181.454 370.467 181.96 370.76C182.48 371.053 183.027 371.2 183.6 371.2C184.187 371.2 184.734 371.053 185.24 370.76C185.76 370.453 186.174 370.013 186.48 369.44C186.8 368.867 186.96 368.2 186.96 367.44ZM190.775 367.44C190.775 366.333 191.002 365.353 191.455 364.5C191.922 363.647 192.548 362.987 193.335 362.52C194.135 362.04 195.015 361.8 195.975 361.8C196.842 361.8 197.595 361.973 198.235 362.32C198.888 362.653 199.408 363.073 199.795 363.58V361.98H202.095V373H199.795V371.36C199.408 371.88 198.882 372.313 198.215 372.66C197.548 373.007 196.788 373.18 195.935 373.18C194.988 373.18 194.122 372.94 193.335 372.46C192.548 371.967 191.922 371.287 191.455 370.42C191.002 369.54 190.775 368.547 190.775 367.44ZM199.795 367.48C199.795 366.72 199.635 366.06 199.315 365.5C199.008 364.94 198.602 364.513 198.095 364.22C197.588 363.927 197.042 363.78 196.455 363.78C195.868 363.78 195.322 363.927 194.815 364.22C194.308 364.5 193.895 364.92 193.575 365.48C193.268 366.027 193.115 366.68 193.115 367.44C193.115 368.2 193.268 368.867 193.575 369.44C193.895 370.013 194.308 370.453 194.815 370.76C195.335 371.053 195.882 371.2 196.455 371.2C197.042 371.2 197.588 371.053 198.095 370.76C198.602 370.467 199.008 370.04 199.315 369.48C199.635 368.907 199.795 368.24 199.795 367.48ZM209.53 361.8C210.383 361.8 211.137 361.973 211.79 362.32C212.457 362.653 212.977 363.073 213.35 363.58V361.98H215.65V373.18C215.65 374.193 215.437 375.093 215.01 375.88C214.583 376.68 213.963 377.307 213.15 377.76C212.35 378.213 211.39 378.44 210.27 378.44C208.777 378.44 207.537 378.087 206.55 377.38C205.563 376.687 205.003 375.74 204.87 374.54H207.13C207.303 375.113 207.67 375.573 208.23 375.92C208.803 376.28 209.483 376.46 210.27 376.46C211.19 376.46 211.93 376.18 212.49 375.62C213.063 375.06 213.35 374.247 213.35 373.18V371.34C212.963 371.86 212.437 372.3 211.77 372.66C211.117 373.007 210.37 373.18 209.53 373.18C208.57 373.18 207.69 372.94 206.89 372.46C206.103 371.967 205.477 371.287 205.01 370.42C204.557 369.54 204.33 368.547 204.33 367.44C204.33 366.333 204.557 365.353 205.01 364.5C205.477 363.647 206.103 362.987 206.89 362.52C207.69 362.04 208.57 361.8 209.53 361.8ZM213.35 367.48C213.35 366.72 213.19 366.06 212.87 365.5C212.563 364.94 212.157 364.513 211.65 364.22C211.143 363.927 210.597 363.78 210.01 363.78C209.423 363.78 208.877 363.927 208.37 364.22C207.863 364.5 207.45 364.92 207.13 365.48C206.823 366.027 206.67 366.68 206.67 367.44C206.67 368.2 206.823 368.867 207.13 369.44C207.45 370.013 207.863 370.453 208.37 370.76C208.89 371.053 209.437 371.2 210.01 371.2C210.597 371.2 211.143 371.053 211.65 370.76C212.157 370.467 212.563 370.04 212.87 369.48C213.19 368.907 213.35 368.24 213.35 367.48ZM228.745 367.22C228.745 367.633 228.718 368.007 228.665 368.34H220.245C220.311 369.22 220.638 369.927 221.225 370.46C221.811 370.993 222.531 371.26 223.385 371.26C224.611 371.26 225.478 370.747 225.985 369.72H228.445C228.111 370.733 227.505 371.567 226.625 372.22C225.758 372.86 224.678 373.18 223.385 373.18C222.331 373.18 221.385 372.947 220.545 372.48C219.718 372 219.065 371.333 218.585 370.48C218.118 369.613 217.885 368.613 217.885 367.48C217.885 366.347 218.111 365.353 218.565 364.5C219.031 363.633 219.678 362.967 220.505 362.5C221.345 362.033 222.305 361.8 223.385 361.8C224.425 361.8 225.351 362.027 226.165 362.48C226.978 362.933 227.611 363.573 228.065 364.4C228.518 365.213 228.745 366.153 228.745 367.22ZM226.365 366.5C226.351 365.66 226.051 364.987 225.465 364.48C224.878 363.973 224.151 363.72 223.285 363.72C222.498 363.72 221.825 363.973 221.265 364.48C220.705 364.973 220.371 365.647 220.265 366.5H226.365Z" fill="black" fill-opacity="0.2" style="fill:black;fill-opacity:0.2;"/>
<path d="M129.1 359.1V373H126.82V366.92H120.28V373H118V359.1H120.28V365.06H126.82V359.1H129.1ZM136.882 373.18C135.842 373.18 134.902 372.947 134.062 372.48C133.222 372 132.562 371.333 132.082 370.48C131.602 369.613 131.362 368.613 131.362 367.48C131.362 366.36 131.608 365.367 132.102 364.5C132.595 363.633 133.268 362.967 134.122 362.5C134.975 362.033 135.928 361.8 136.982 361.8C138.035 361.8 138.988 362.033 139.842 362.5C140.695 362.967 141.368 363.633 141.862 364.5C142.355 365.367 142.602 366.36 142.602 367.48C142.602 368.6 142.348 369.593 141.842 370.46C141.335 371.327 140.642 372 139.762 372.48C138.895 372.947 137.935 373.18 136.882 373.18ZM136.882 371.2C137.468 371.2 138.015 371.06 138.522 370.78C139.042 370.5 139.462 370.08 139.782 369.52C140.102 368.96 140.262 368.28 140.262 367.48C140.262 366.68 140.108 366.007 139.802 365.46C139.495 364.9 139.088 364.48 138.582 364.2C138.075 363.92 137.528 363.78 136.942 363.78C136.355 363.78 135.808 363.92 135.302 364.2C134.808 364.48 134.415 364.9 134.122 365.46C133.828 366.007 133.682 366.68 133.682 367.48C133.682 368.667 133.982 369.587 134.582 370.24C135.195 370.88 135.962 371.2 136.882 371.2ZM158.195 361.8C159.062 361.8 159.835 361.98 160.515 362.34C161.209 362.7 161.749 363.233 162.135 363.94C162.535 364.647 162.735 365.5 162.735 366.5V373H160.475V366.84C160.475 365.853 160.229 365.1 159.735 364.58C159.242 364.047 158.569 363.78 157.715 363.78C156.862 363.78 156.182 364.047 155.675 364.58C155.182 365.1 154.935 365.853 154.935 366.84V373H152.675V366.84C152.675 365.853 152.429 365.1 151.935 364.58C151.442 364.047 150.769 363.78 149.915 363.78C149.062 363.78 148.382 364.047 147.875 364.58C147.382 365.1 147.135 365.853 147.135 366.84V373H144.855V361.98H147.135V363.24C147.509 362.787 147.982 362.433 148.555 362.18C149.129 361.927 149.742 361.8 150.395 361.8C151.275 361.8 152.062 361.987 152.755 362.36C153.449 362.733 153.982 363.273 154.355 363.98C154.689 363.313 155.209 362.787 155.915 362.4C156.622 362 157.382 361.8 158.195 361.8ZM175.737 367.22C175.737 367.633 175.71 368.007 175.657 368.34H167.237C167.303 369.22 167.63 369.927 168.217 370.46C168.803 370.993 169.523 371.26 170.377 371.26C171.603 371.26 172.47 370.747 172.977 369.72H175.437C175.103 370.733 174.497 371.567 173.617 372.22C172.75 372.86 171.67 373.18 170.377 373.18C169.323 373.18 168.377 372.947 167.537 372.48C166.71 372 166.057 371.333 165.577 370.48C165.11 369.613 164.877 368.613 164.877 367.48C164.877 366.347 165.103 365.353 165.557 364.5C166.023 363.633 166.67 362.967 167.497 362.5C168.337 362.033 169.297 361.8 170.377 361.8C171.417 361.8 172.343 362.027 173.157 362.48C173.97 362.933 174.603 363.573 175.057 364.4C175.51 365.213 175.737 366.153 175.737 367.22ZM173.357 366.5C173.343 365.66 173.043 364.987 172.457 364.48C171.87 363.973 171.143 363.72 170.277 363.72C169.49 363.72 168.817 363.973 168.257 364.48C167.697 364.973 167.363 365.647 167.257 366.5H173.357ZM180.26 363.6C180.647 363.093 181.174 362.667 181.84 362.32C182.507 361.973 183.26 361.8 184.1 361.8C185.06 361.8 185.934 362.04 186.72 362.52C187.52 362.987 188.147 363.647 188.6 364.5C189.054 365.353 189.28 366.333 189.28 367.44C189.28 368.547 189.054 369.54 188.6 370.42C188.147 371.287 187.52 371.967 186.72 372.46C185.934 372.94 185.06 373.18 184.1 373.18C183.26 373.18 182.514 373.013 181.86 372.68C181.207 372.333 180.674 371.907 180.26 371.4V378.24H177.98V361.98H180.26V363.6ZM186.96 367.44C186.96 366.68 186.8 366.027 186.48 365.48C186.174 364.92 185.76 364.5 185.24 364.22C184.734 363.927 184.187 363.78 183.6 363.78C183.027 363.78 182.48 363.927 181.96 364.22C181.454 364.513 181.04 364.94 180.72 365.5C180.414 366.06 180.26 366.72 180.26 367.48C180.26 368.24 180.414 368.907 180.72 369.48C181.04 370.04 181.454 370.467 181.96 370.76C182.48 371.053 183.027 371.2 183.6 371.2C184.187 371.2 184.734 371.053 185.24 370.76C185.76 370.453 186.174 370.013 186.48 369.44C186.8 368.867 186.96 368.2 186.96 367.44ZM190.775 367.44C190.775 366.333 191.002 365.353 191.455 364.5C191.922 363.647 192.548 362.987 193.335 362.52C194.135 362.04 195.015 361.8 195.975 361.8C196.842 361.8 197.595 361.973 198.235 362.32C198.888 362.653 199.408 363.073 199.795 363.58V361.98H202.095V373H199.795V371.36C199.408 371.88 198.882 372.313 198.215 372.66C197.548 373.007 196.788 373.18 195.935 373.18C194.988 373.18 194.122 372.94 193.335 372.46C192.548 371.967 191.922 371.287 191.455 370.42C191.002 369.54 190.775 368.547 190.775 367.44ZM199.795 367.48C199.795 366.72 199.635 366.06 199.315 365.5C199.008 364.94 198.602 364.513 198.095 364.22C197.588 363.927 197.042 363.78 196.455 363.78C195.868 363.78 195.322 363.927 194.815 364.22C194.308 364.5 193.895 364.92 193.575 365.48C193.268 366.027 193.115 366.68 193.115 367.44C193.115 368.2 193.268 368.867 193.575 369.44C193.895 370.013 194.308 370.453 194.815 370.76C195.335 371.053 195.882 371.2 196.455 371.2C197.042 371.2 197.588 371.053 198.095 370.76C198.602 370.467 199.008 370.04 199.315 369.48C199.635 368.907 199.795 368.24 199.795 367.48ZM209.53 361.8C210.383 361.8 211.137 361.973 211.79 362.32C212.457 362.653 212.977 363.073 213.35 363.58V361.98H215.65V373.18C215.65 374.193 215.437 375.093 215.01 375.88C214.583 376.68 213.963 377.307 213.15 377.76C212.35 378.213 211.39 378.44 210.27 378.44C208.777 378.44 207.537 378.087 206.55 377.38C205.563 376.687 205.003 375.74 204.87 374.54H207.13C207.303 375.113 207.67 375.573 208.23 375.92C208.803 376.28 209.483 376.46 210.27 376.46C211.19 376.46 211.93 376.18 212.49 375.62C213.063 375.06 213.35 374.247 213.35 373.18V371.34C212.963 371.86 212.437 372.3 211.77 372.66C211.117 373.007 210.37 373.18 209.53 373.18C208.57 373.18 207.69 372.94 206.89 372.46C206.103 371.967 205.477 371.287 205.01 370.42C204.557 369.54 204.33 368.547 204.33 367.44C204.33 366.333 204.557 365.353 205.01 364.5C205.477 363.647 206.103 362.987 206.89 362.52C207.69 362.04 208.57 361.8 209.53 361.8ZM213.35 367.48C213.35 366.72 213.19 366.06 212.87 365.5C212.563 364.94 212.157 364.513 211.65 364.22C211.143 363.927 210.597 363.78 210.01 363.78C209.423 363.78 208.877 363.927 208.37 364.22C207.863 364.5 207.45 364.92 207.13 365.48C206.823 366.027 206.67 366.68 206.67 367.44C206.67 368.2 206.823 368.867 207.13 369.44C207.45 370.013 207.863 370.453 208.37 370.76C208.89 371.053 209.437 371.2 210.01 371.2C210.597 371.2 211.143 371.053 211.65 370.76C212.157 370.467 212.563 370.04 212.87 369.48C213.19 368.907 213.35 368.24 213.35 367.48ZM228.745 367.22C228.745 367.633 228.718 368.007 228.665 368.34H220.245C220.311 369.22 220.638 369.927 221.225 370.46C221.811 370.993 222.531 371.26 223.385 371.26C224.611 371.26 225.478 370.747 225.985 369.72H228.445C228.111 370.733 227.505 371.567 226.625 372.22C225.758 372.86 224.678 373.18 223.385 373.18C222.331 373.18 221.385 372.947 220.545 372.48C219.718 372 219.065 371.333 218.585 370.48C218.118 369.613 217.885 368.613 217.885 367.48C217.885 366.347 218.111 365.353 218.565 364.5C219.031 363.633 219.678 362.967 220.505 362.5C221.345 362.033 222.305 361.8 223.385 361.8C224.425 361.8 225.351 362.027 226.165 362.48C226.978 362.933 227.611 363.573 228.065 364.4C228.518 365.213 228.745 366.153 228.745 367.22ZM226.365 366.5C226.351 365.66 226.051 364.987 225.465 364.48C224.878 363.973 224.151 363.72 223.285 363.72C222.498 363.72 221.825 363.973 221.265 364.48C220.705 364.973 220.371 365.647 220.265 366.5H226.365Z" fill="black" fill-opacity="0.2" style="fill:black;fill-opacity:0.2;"/>
<rect x="286.75" y="603.75" width="109.5" height="51.5" rx="4.25" fill="white" style="fill:white;fill-opacity:1;"/>
<rect x="286.75" y="603.75" width="109.5" height="51.5" rx="4.25" stroke="#DBDBDB" style="stroke:#DBDBDB;stroke:color(display-p3 0.8588 0.8588 0.8588);stroke-opacity:1;" stroke-width="1.5"/>
<path d="M307.06 623.44H309.28L313.94 638H312.08L309.22 628.3L308.18 625H308.16L307.12 628.3L304.24 638H302.38L307.06 623.44ZM305.86 632.08H310.48L310.82 633.5H305.52L305.86 632.08ZM318.835 638.22C318.008 638.22 317.281 638 316.655 637.56C316.041 637.107 315.555 636.48 315.195 635.68C314.848 634.867 314.675 633.94 314.675 632.9C314.675 631.807 314.855 630.853 315.215 630.04C315.575 629.213 316.081 628.567 316.735 628.1C317.388 627.62 318.141 627.38 318.995 627.38C319.608 627.38 320.168 627.507 320.675 627.76C321.181 628 321.588 628.287 321.895 628.62H321.935V623.04L323.715 622.98V635.36C323.715 635.613 323.715 635.9 323.715 636.22C323.728 636.54 323.735 636.853 323.735 637.16C323.748 637.467 323.761 637.747 323.775 638H322.475L322.095 636.5H322.055C321.721 636.98 321.281 637.387 320.735 637.72C320.201 638.053 319.568 638.22 318.835 638.22ZM319.335 636.78C320.001 636.78 320.561 636.593 321.015 636.22C321.468 635.833 321.775 635.4 321.935 634.92V629.94C321.641 629.62 321.281 629.353 320.855 629.14C320.441 628.927 319.988 628.82 319.495 628.82C318.855 628.82 318.308 629.007 317.855 629.38C317.415 629.74 317.075 630.227 316.835 630.84C316.608 631.453 316.495 632.133 316.495 632.88C316.495 633.613 316.608 634.28 316.835 634.88C317.061 635.467 317.388 635.933 317.815 636.28C318.241 636.613 318.748 636.78 319.335 636.78ZM330.065 638.22C329.238 638.22 328.512 638 327.885 637.56C327.272 637.107 326.785 636.48 326.425 635.68C326.078 634.867 325.905 633.94 325.905 632.9C325.905 631.807 326.085 630.853 326.445 630.04C326.805 629.213 327.312 628.567 327.965 628.1C328.618 627.62 329.372 627.38 330.225 627.38C330.838 627.38 331.398 627.507 331.905 627.76C332.412 628 332.818 628.287 333.125 628.62H333.165V623.04L334.945 622.98V635.36C334.945 635.613 334.945 635.9 334.945 636.22C334.958 636.54 334.965 636.853 334.965 637.16C334.978 637.467 334.992 637.747 335.005 638H333.705L333.325 636.5H333.285C332.952 636.98 332.512 637.387 331.965 637.72C331.432 638.053 330.798 638.22 330.065 638.22ZM330.565 636.78C331.232 636.78 331.792 636.593 332.245 636.22C332.698 635.833 333.005 635.4 333.165 634.92V629.94C332.872 629.62 332.512 629.353 332.085 629.14C331.672 628.927 331.218 628.82 330.725 628.82C330.085 628.82 329.538 629.007 329.085 629.38C328.645 629.74 328.305 630.227 328.065 630.84C327.838 631.453 327.725 632.133 327.725 632.88C327.725 633.613 327.838 634.28 328.065 634.88C328.292 635.467 328.618 635.933 329.045 636.28C329.472 636.613 329.978 636.78 330.565 636.78ZM342.464 627.6L344.264 627.54V638H342.464V627.6ZM343.364 625.74C343.044 625.74 342.771 625.64 342.544 625.44C342.317 625.24 342.204 624.98 342.204 624.66C342.204 624.327 342.317 624.06 342.544 623.86C342.771 623.647 343.044 623.54 343.364 623.54C343.684 623.54 343.951 623.647 344.164 623.86C344.391 624.06 344.504 624.327 344.504 624.66C344.504 624.98 344.391 625.24 344.164 625.44C343.951 625.64 343.684 625.74 343.364 625.74ZM350.271 638.22C349.711 638.22 349.251 638.127 348.891 637.94C348.544 637.753 348.284 637.507 348.111 637.2C347.938 636.88 347.818 636.52 347.751 636.12C347.684 635.72 347.651 635.307 347.651 634.88V628.92H346.111L346.211 627.66L347.731 627.6L347.851 625.24L349.431 624.9V627.6H352.091L352.011 628.92H349.431V634.68C349.431 635 349.464 635.32 349.531 635.64C349.611 635.947 349.758 636.2 349.971 636.4C350.198 636.6 350.524 636.7 350.951 636.7C351.164 636.7 351.364 636.687 351.551 636.66C351.751 636.62 351.924 636.58 352.071 636.54L352.131 637.9C351.918 637.98 351.638 638.053 351.291 638.12C350.944 638.187 350.604 638.22 350.271 638.22ZM358.602 638.22C357.469 638.22 356.522 637.993 355.762 637.54C355.016 637.073 354.456 636.44 354.082 635.64C353.709 634.827 353.522 633.893 353.522 632.84C353.522 632.067 353.629 631.353 353.842 630.7C354.056 630.047 354.362 629.473 354.762 628.98C355.176 628.473 355.676 628.08 356.262 627.8C356.849 627.52 357.522 627.38 358.282 627.38C359.069 627.38 359.736 627.527 360.282 627.82C360.829 628.1 361.262 628.5 361.582 629.02C361.902 629.527 362.116 630.127 362.222 630.82C362.342 631.513 362.356 632.273 362.262 633.1H354.522L355.422 632.42C355.276 633.287 355.302 634.053 355.502 634.72C355.716 635.373 356.096 635.893 356.642 636.28C357.202 636.653 357.929 636.84 358.822 636.84C359.396 636.84 359.929 636.78 360.422 636.66C360.929 636.54 361.342 636.42 361.662 636.3L361.882 637.56C361.482 637.733 360.989 637.887 360.402 638.02C359.816 638.153 359.216 638.22 358.602 638.22ZM354.542 632.06H360.682C360.696 631.993 360.702 631.933 360.702 631.88C360.702 631.827 360.702 631.78 360.702 631.74C360.702 631.113 360.609 630.573 360.422 630.12C360.236 629.653 359.962 629.293 359.602 629.04C359.242 628.787 358.782 628.66 358.222 628.66C357.569 628.66 357.016 628.847 356.562 629.22C356.122 629.58 355.796 630.06 355.582 630.66C355.369 631.26 355.282 631.893 355.322 632.56L354.542 632.06ZM364.513 630.36C364.513 629.853 364.506 629.387 364.493 628.96C364.493 628.52 364.486 628.067 364.473 627.6L366.033 627.54L366.133 629.1H366.213C366.453 628.847 366.739 628.587 367.073 628.32C367.406 628.053 367.786 627.833 368.213 627.66C368.639 627.473 369.113 627.38 369.633 627.38C370.219 627.38 370.759 627.52 371.253 627.8C371.759 628.08 372.133 628.54 372.373 629.18H372.413C372.693 628.9 373.006 628.627 373.353 628.36C373.713 628.08 374.113 627.847 374.553 627.66C374.993 627.473 375.473 627.38 375.993 627.38C376.459 627.38 376.886 627.46 377.273 627.62C377.659 627.78 377.999 628.02 378.293 628.34C378.599 628.66 378.833 629.087 378.993 629.62C379.166 630.14 379.253 630.767 379.253 631.5V638H377.473V631.78C377.473 631.06 377.379 630.487 377.193 630.06C377.006 629.633 376.759 629.327 376.453 629.14C376.146 628.94 375.786 628.84 375.373 628.84C374.959 628.84 374.573 628.927 374.213 629.1C373.866 629.273 373.553 629.487 373.273 629.74C372.993 629.98 372.759 630.22 372.573 630.46L372.673 629.94C372.713 630.247 372.739 630.533 372.753 630.8C372.766 631.053 372.773 631.347 372.773 631.68V638H371.013V631.72C371.013 631.187 370.946 630.707 370.813 630.28C370.679 629.84 370.466 629.493 370.173 629.24C369.893 628.973 369.506 628.84 369.013 628.84C368.613 628.84 368.239 628.92 367.893 629.08C367.559 629.24 367.253 629.433 366.973 629.66C366.706 629.887 366.479 630.113 366.293 630.34V638H364.513V630.36Z" fill="black" style="fill:black;fill-opacity:1;"/>
<rect x="467.75" y="603.75" width="201.5" height="51.5" rx="4.25" fill="white" style="fill:white;fill-opacity:1;"/>
<rect x="467.75" y="603.75" width="201.5" height="51.5" rx="4.25" stroke="#DBDBDB" style="stroke:#DBDBDB;stroke:color(display-p3 0.8588 0.8588 0.8588);stroke-opacity:1;" stroke-width="1.5"/>
<path d="M488.06 623.44H490.28L494.94 638H493.08L490.22 628.3L489.18 625H489.16L488.12 628.3L485.24 638H483.38L488.06 623.44ZM486.86 632.08H491.48L491.82 633.5H486.52L486.86 632.08ZM499.835 638.22C499.008 638.22 498.281 638 497.655 637.56C497.041 637.107 496.555 636.48 496.195 635.68C495.848 634.867 495.675 633.94 495.675 632.9C495.675 631.807 495.855 630.853 496.215 630.04C496.575 629.213 497.081 628.567 497.735 628.1C498.388 627.62 499.141 627.38 499.995 627.38C500.608 627.38 501.168 627.507 501.675 627.76C502.181 628 502.588 628.287 502.895 628.62H502.935V623.04L504.715 622.98V635.36C504.715 635.613 504.715 635.9 504.715 636.22C504.728 636.54 504.735 636.853 504.735 637.16C504.748 637.467 504.761 637.747 504.775 638H503.475L503.095 636.5H503.055C502.721 636.98 502.281 637.387 501.735 637.72C501.201 638.053 500.568 638.22 499.835 638.22ZM500.335 636.78C501.001 636.78 501.561 636.593 502.015 636.22C502.468 635.833 502.775 635.4 502.935 634.92V629.94C502.641 629.62 502.281 629.353 501.855 629.14C501.441 628.927 500.988 628.82 500.495 628.82C499.855 628.82 499.308 629.007 498.855 629.38C498.415 629.74 498.075 630.227 497.835 630.84C497.608 631.453 497.495 632.133 497.495 632.88C497.495 633.613 497.608 634.28 497.835 634.88C498.061 635.467 498.388 635.933 498.815 636.28C499.241 636.613 499.748 636.78 500.335 636.78ZM511.065 638.22C510.238 638.22 509.512 638 508.885 637.56C508.272 637.107 507.785 636.48 507.425 635.68C507.078 634.867 506.905 633.94 506.905 632.9C506.905 631.807 507.085 630.853 507.445 630.04C507.805 629.213 508.312 628.567 508.965 628.1C509.618 627.62 510.372 627.38 511.225 627.38C511.838 627.38 512.398 627.507 512.905 627.76C513.412 628 513.818 628.287 514.125 628.62H514.165V623.04L515.945 622.98V635.36C515.945 635.613 515.945 635.9 515.945 636.22C515.958 636.54 515.965 636.853 515.965 637.16C515.978 637.467 515.992 637.747 516.005 638H514.705L514.325 636.5H514.285C513.952 636.98 513.512 637.387 512.965 637.72C512.432 638.053 511.798 638.22 511.065 638.22ZM511.565 636.78C512.232 636.78 512.792 636.593 513.245 636.22C513.698 635.833 514.005 635.4 514.165 634.92V629.94C513.872 629.62 513.512 629.353 513.085 629.14C512.672 628.927 512.218 628.82 511.725 628.82C511.085 628.82 510.538 629.007 510.085 629.38C509.645 629.74 509.305 630.227 509.065 630.84C508.838 631.453 508.725 632.133 508.725 632.88C508.725 633.613 508.838 634.28 509.065 634.88C509.292 635.467 509.618 635.933 510.045 636.28C510.472 636.613 510.978 636.78 511.565 636.78ZM523.804 628.92H522.384L522.464 627.68L523.804 627.6V627.1C523.804 625.727 524.097 624.673 524.684 623.94C525.284 623.193 526.157 622.82 527.304 622.82C527.571 622.82 527.824 622.84 528.064 622.88C528.304 622.907 528.517 622.953 528.704 623.02L528.544 624.4C528.411 624.347 528.264 624.313 528.104 624.3C527.957 624.287 527.804 624.28 527.644 624.28C527.084 624.28 526.651 624.413 526.344 624.68C526.051 624.947 525.844 625.293 525.724 625.72C525.617 626.133 525.564 626.587 525.564 627.08V627.6H528.084L527.984 628.92H525.584V638H523.804V628.92ZM529.752 638V630.54C529.752 629.927 529.745 629.393 529.732 628.94C529.718 628.473 529.705 628.027 529.692 627.6L531.272 627.54L531.412 629.38H531.452C531.825 628.78 532.298 628.293 532.872 627.92C533.445 627.547 534.165 627.38 535.032 627.42V629.02C534.258 628.967 533.578 629.08 532.992 629.36C532.405 629.627 531.925 630.06 531.552 630.66V638H529.752ZM541.161 638.22C540.494 638.22 539.861 638.107 539.261 637.88C538.661 637.64 538.134 637.293 537.681 636.84C537.241 636.387 536.894 635.82 536.641 635.14C536.388 634.46 536.261 633.68 536.261 632.8C536.261 631.92 536.388 631.14 536.641 630.46C536.894 629.78 537.241 629.213 537.681 628.76C538.134 628.307 538.661 627.967 539.261 627.74C539.861 627.5 540.494 627.38 541.161 627.38C541.841 627.38 542.474 627.5 543.061 627.74C543.661 627.967 544.188 628.307 544.641 628.76C545.094 629.213 545.448 629.78 545.701 630.46C545.954 631.14 546.081 631.92 546.081 632.8C546.081 633.68 545.954 634.46 545.701 635.14C545.448 635.82 545.094 636.387 544.641 636.84C544.188 637.293 543.661 637.64 543.061 637.88C542.474 638.107 541.841 638.22 541.161 638.22ZM541.161 636.86C541.681 636.86 542.134 636.76 542.521 636.56C542.921 636.36 543.241 636.073 543.481 635.7C543.734 635.327 543.921 634.893 544.041 634.4C544.174 633.907 544.241 633.373 544.241 632.8C544.241 632.227 544.174 631.693 544.041 631.2C543.921 630.707 543.734 630.273 543.481 629.9C543.241 629.527 542.921 629.24 542.521 629.04C542.134 628.84 541.681 628.74 541.161 628.74C540.641 628.74 540.188 628.84 539.801 629.04C539.414 629.24 539.094 629.527 538.841 629.9C538.588 630.273 538.401 630.707 538.281 631.2C538.161 631.693 538.101 632.227 538.101 632.8C538.101 633.373 538.161 633.907 538.281 634.4C538.401 634.893 538.588 635.327 538.841 635.7C539.094 636.073 539.414 636.36 539.801 636.56C540.188 636.76 540.641 636.86 541.161 636.86ZM548.228 630.36C548.228 629.853 548.221 629.387 548.208 628.96C548.208 628.52 548.201 628.067 548.188 627.6L549.748 627.54L549.848 629.1H549.928C550.168 628.847 550.454 628.587 550.788 628.32C551.121 628.053 551.501 627.833 551.928 627.66C552.354 627.473 552.828 627.38 553.348 627.38C553.934 627.38 554.474 627.52 554.968 627.8C555.474 628.08 555.848 628.54 556.088 629.18H556.128C556.408 628.9 556.721 628.627 557.068 628.36C557.428 628.08 557.828 627.847 558.268 627.66C558.708 627.473 559.188 627.38 559.708 627.38C560.174 627.38 560.601 627.46 560.988 627.62C561.374 627.78 561.714 628.02 562.008 628.34C562.314 628.66 562.548 629.087 562.708 629.62C562.881 630.14 562.968 630.767 562.968 631.5V638H561.188V631.78C561.188 631.06 561.094 630.487 560.908 630.06C560.721 629.633 560.474 629.327 560.168 629.14C559.861 628.94 559.501 628.84 559.088 628.84C558.674 628.84 558.288 628.927 557.928 629.1C557.581 629.273 557.268 629.487 556.988 629.74C556.708 629.98 556.474 630.22 556.288 630.46L556.388 629.94C556.428 630.247 556.454 630.533 556.468 630.8C556.481 631.053 556.488 631.347 556.488 631.68V638H554.728V631.72C554.728 631.187 554.661 630.707 554.528 630.28C554.394 629.84 554.181 629.493 553.888 629.24C553.608 628.973 553.221 628.84 552.728 628.84C552.328 628.84 551.954 628.92 551.608 629.08C551.274 629.24 550.968 629.433 550.688 629.66C550.421 629.887 550.194 630.113 550.008 630.34V638H548.228V630.36ZM570.376 630.36C570.376 629.853 570.369 629.387 570.356 628.96C570.356 628.52 570.349 628.067 570.336 627.6L571.896 627.54L571.996 629.1H572.076C572.316 628.847 572.603 628.587 572.936 628.32C573.269 628.053 573.649 627.833 574.076 627.66C574.503 627.473 574.976 627.38 575.496 627.38C576.083 627.38 576.623 627.52 577.116 627.8C577.623 628.08 577.996 628.54 578.236 629.18H578.276C578.556 628.9 578.869 628.627 579.216 628.36C579.576 628.08 579.976 627.847 580.416 627.66C580.856 627.473 581.336 627.38 581.856 627.38C582.323 627.38 582.749 627.46 583.136 627.62C583.523 627.78 583.863 628.02 584.156 628.34C584.463 628.66 584.696 629.087 584.856 629.62C585.029 630.14 585.116 630.767 585.116 631.5V638H583.336V631.78C583.336 631.06 583.243 630.487 583.056 630.06C582.869 629.633 582.623 629.327 582.316 629.14C582.009 628.94 581.649 628.84 581.236 628.84C580.823 628.84 580.436 628.927 580.076 629.1C579.729 629.273 579.416 629.487 579.136 629.74C578.856 629.98 578.623 630.22 578.436 630.46L578.536 629.94C578.576 630.247 578.603 630.533 578.616 630.8C578.629 631.053 578.636 631.347 578.636 631.68V638H576.876V631.72C576.876 631.187 576.809 630.707 576.676 630.28C576.543 629.84 576.329 629.493 576.036 629.24C575.756 628.973 575.369 628.84 574.876 628.84C574.476 628.84 574.103 628.92 573.756 629.08C573.423 629.24 573.116 629.433 572.836 629.66C572.569 629.887 572.343 630.113 572.156 630.34V638H570.376V630.36ZM592.356 638.22C591.223 638.22 590.276 637.993 589.516 637.54C588.769 637.073 588.209 636.44 587.836 635.64C587.463 634.827 587.276 633.893 587.276 632.84C587.276 632.067 587.383 631.353 587.596 630.7C587.809 630.047 588.116 629.473 588.516 628.98C588.929 628.473 589.429 628.08 590.016 627.8C590.603 627.52 591.276 627.38 592.036 627.38C592.823 627.38 593.489 627.527 594.036 627.82C594.583 628.1 595.016 628.5 595.336 629.02C595.656 629.527 595.869 630.127 595.976 630.82C596.096 631.513 596.109 632.273 596.016 633.1H588.276L589.176 632.42C589.029 633.287 589.056 634.053 589.256 634.72C589.469 635.373 589.849 635.893 590.396 636.28C590.956 636.653 591.683 636.84 592.576 636.84C593.149 636.84 593.683 636.78 594.176 636.66C594.683 636.54 595.096 636.42 595.416 636.3L595.636 637.56C595.236 637.733 594.743 637.887 594.156 638.02C593.569 638.153 592.969 638.22 592.356 638.22ZM588.296 632.06H594.436C594.449 631.993 594.456 631.933 594.456 631.88C594.456 631.827 594.456 631.78 594.456 631.74C594.456 631.113 594.363 630.573 594.176 630.12C593.989 629.653 593.716 629.293 593.356 629.04C592.996 628.787 592.536 628.66 591.976 628.66C591.323 628.66 590.769 628.847 590.316 629.22C589.876 629.58 589.549 630.06 589.336 630.66C589.123 631.26 589.036 631.893 589.076 632.56L588.296 632.06ZM600.687 638.22C600.073 638.22 599.533 638.093 599.067 637.84C598.613 637.587 598.26 637.24 598.007 636.8C597.753 636.36 597.627 635.853 597.627 635.28C597.627 634.68 597.74 634.193 597.967 633.82C598.207 633.447 598.52 633.16 598.907 632.96C599.307 632.76 599.747 632.627 600.227 632.56C600.707 632.48 601.193 632.44 601.687 632.44H603.887V631.18C603.887 630.847 603.86 630.54 603.807 630.26C603.767 629.967 603.673 629.713 603.527 629.5C603.393 629.273 603.18 629.1 602.887 628.98C602.593 628.847 602.193 628.78 601.687 628.78C601.14 628.78 600.6 628.847 600.067 628.98C599.547 629.113 599.067 629.273 598.627 629.46L598.327 628.18C598.687 628.02 599.067 627.88 599.467 627.76C599.88 627.64 600.3 627.547 600.727 627.48C601.167 627.413 601.58 627.38 601.967 627.38C602.767 627.38 603.413 627.48 603.907 627.68C604.4 627.867 604.773 628.133 605.027 628.48C605.28 628.813 605.447 629.207 605.527 629.66C605.62 630.113 605.667 630.6 605.667 631.12V635.44C605.667 635.827 605.673 636.26 605.687 636.74C605.713 637.207 605.733 637.627 605.747 638H604.427L604.067 636.4H604.027C603.693 636.933 603.233 637.373 602.647 637.72C602.073 638.053 601.42 638.22 600.687 638.22ZM601.247 636.96C601.847 636.96 602.4 636.8 602.907 636.48C603.427 636.147 603.767 635.713 603.927 635.18V633.46H601.927C601.66 633.46 601.373 633.473 601.067 633.5C600.773 633.527 600.493 633.593 600.227 633.7C599.96 633.793 599.747 633.96 599.587 634.2C599.427 634.44 599.347 634.767 599.347 635.18C599.347 635.74 599.52 636.18 599.867 636.5C600.213 636.807 600.673 636.96 601.247 636.96ZM608.443 623.04L610.243 622.98V638H608.443V623.04ZM617.72 630.7C617.72 630.14 617.714 629.6 617.7 629.08C617.687 628.56 617.674 628.067 617.66 627.6L619.22 627.54L619.34 629.14H619.38C619.767 628.673 620.254 628.267 620.84 627.92C621.44 627.56 622.094 627.38 622.8 627.38C623.64 627.38 624.354 627.6 624.94 628.04C625.54 628.467 625.994 629.073 626.3 629.86C626.607 630.647 626.76 631.567 626.76 632.62C626.76 633.74 626.58 634.72 626.22 635.56C625.86 636.387 625.36 637.04 624.72 637.52C624.094 637.987 623.374 638.22 622.56 638.22C622.094 638.22 621.66 638.14 621.26 637.98C620.874 637.82 620.534 637.62 620.24 637.38C619.96 637.127 619.727 636.88 619.54 636.64H619.5V642.48H617.72V630.7ZM622.12 636.78C622.76 636.78 623.287 636.587 623.7 636.2C624.114 635.813 624.42 635.313 624.62 634.7C624.82 634.087 624.92 633.42 624.92 632.7C624.92 631.913 624.814 631.233 624.6 630.66C624.4 630.073 624.1 629.627 623.7 629.32C623.3 629 622.8 628.84 622.2 628.84C621.827 628.84 621.467 628.913 621.12 629.06C620.787 629.207 620.48 629.4 620.2 629.64C619.92 629.867 619.694 630.113 619.52 630.38V634.84C619.614 635.147 619.774 635.453 620 635.76C620.24 636.053 620.54 636.3 620.9 636.5C621.26 636.687 621.667 636.78 622.12 636.78ZM628.951 623.04L630.751 622.98V638H628.951V623.04ZM635.98 638.22C635.366 638.22 634.826 638.093 634.36 637.84C633.906 637.587 633.553 637.24 633.3 636.8C633.046 636.36 632.92 635.853 632.92 635.28C632.92 634.68 633.033 634.193 633.26 633.82C633.5 633.447 633.813 633.16 634.2 632.96C634.6 632.76 635.04 632.627 635.52 632.56C636 632.48 636.486 632.44 636.98 632.44H639.18V631.18C639.18 630.847 639.153 630.54 639.1 630.26C639.06 629.967 638.966 629.713 638.82 629.5C638.686 629.273 638.473 629.1 638.18 628.98C637.886 628.847 637.486 628.78 636.98 628.78C636.433 628.78 635.893 628.847 635.36 628.98C634.84 629.113 634.36 629.273 633.92 629.46L633.62 628.18C633.98 628.02 634.36 627.88 634.76 627.76C635.173 627.64 635.593 627.547 636.02 627.48C636.46 627.413 636.873 627.38 637.26 627.38C638.06 627.38 638.706 627.48 639.2 627.68C639.693 627.867 640.066 628.133 640.32 628.48C640.573 628.813 640.74 629.207 640.82 629.66C640.913 630.113 640.96 630.6 640.96 631.12V635.44C640.96 635.827 640.966 636.26 640.98 636.74C641.006 637.207 641.026 637.627 641.04 638H639.72L639.36 636.4H639.32C638.986 636.933 638.526 637.373 637.94 637.72C637.366 638.053 636.713 638.22 635.98 638.22ZM636.54 636.96C637.14 636.96 637.693 636.8 638.2 636.48C638.72 636.147 639.06 635.713 639.22 635.18V633.46H637.22C636.953 633.46 636.666 633.473 636.36 633.5C636.066 633.527 635.786 633.593 635.52 633.7C635.253 633.793 635.04 633.96 634.88 634.2C634.72 634.44 634.64 634.767 634.64 635.18C634.64 635.74 634.813 636.18 635.16 636.5C635.506 636.807 635.966 636.96 636.54 636.96ZM643.716 630.5C643.716 629.927 643.709 629.407 643.696 628.94C643.696 628.473 643.689 628.027 643.676 627.6L645.256 627.54L645.356 629.1H645.416C645.656 628.86 645.949 628.607 646.296 628.34C646.656 628.073 647.063 627.847 647.516 627.66C647.983 627.473 648.489 627.38 649.036 627.38C649.476 627.38 649.896 627.46 650.296 627.62C650.709 627.78 651.069 628.027 651.376 628.36C651.683 628.693 651.929 629.127 652.116 629.66C652.303 630.18 652.396 630.813 652.396 631.56V638H650.596V631.64C650.596 631.093 650.529 630.64 650.396 630.28C650.263 629.92 650.083 629.633 649.856 629.42C649.643 629.207 649.403 629.06 649.136 628.98C648.883 628.887 648.629 628.84 648.376 628.84C647.949 628.84 647.556 628.92 647.196 629.08C646.836 629.24 646.516 629.44 646.236 629.68C645.956 629.907 645.716 630.127 645.516 630.34V638H643.716V630.5Z" fill="black" style="fill:black;fill-opacity:1;"/>
<rect x="355.75" y="207.75" width="198.5" height="51.5" rx="4.25" fill="white" style="fill:white;fill-opacity:1;"/>
<rect x="355.75" y="207.75" width="198.5" height="51.5" rx="4.25" stroke="#DBDBDB" style="stroke:#DBDBDB;stroke:color(display-p3 0.8588 0.8588 0.8588);stroke-opacity:1;" stroke-width="1.5"/>
<path d="M426.88 242.06C426.28 242.06 425.727 242.053 425.22 242.04C424.727 242.027 424.3 242.007 423.94 241.98V227.54C424.46 227.487 425.027 227.447 425.64 227.42C426.267 227.393 426.86 227.38 427.42 227.38C428.247 227.38 428.98 227.453 429.62 227.6C430.273 227.733 430.827 227.947 431.28 228.24C431.733 228.533 432.073 228.907 432.3 229.36C432.54 229.813 432.66 230.36 432.66 231C432.66 231.76 432.42 232.447 431.94 233.06C431.46 233.673 430.753 234.093 429.82 234.32L429.96 234.3C430.547 234.42 431.087 234.64 431.58 234.96C432.073 235.28 432.46 235.693 432.74 236.2C433.033 236.693 433.18 237.273 433.18 237.94C433.18 238.74 433.033 239.407 432.74 239.94C432.447 240.473 432.02 240.9 431.46 241.22C430.913 241.527 430.253 241.747 429.48 241.88C428.707 242 427.84 242.06 426.88 242.06ZM427.44 240.64C427.973 240.64 428.473 240.6 428.94 240.52C429.42 240.427 429.833 240.28 430.18 240.08C430.54 239.867 430.82 239.58 431.02 239.22C431.22 238.847 431.32 238.38 431.32 237.82C431.32 236.927 430.993 236.247 430.34 235.78C429.7 235.313 428.88 235.08 427.88 235.08H425.7V240.62C425.94 240.633 426.213 240.64 426.52 240.64C426.827 240.64 427.133 240.64 427.44 240.64ZM427.72 233.74C428.413 233.74 428.987 233.633 429.44 233.42C429.907 233.193 430.253 232.893 430.48 232.52C430.72 232.133 430.84 231.7 430.84 231.22C430.84 230.38 430.567 229.767 430.02 229.38C429.473 228.98 428.687 228.78 427.66 228.78C427.3 228.78 426.94 228.787 426.58 228.8C426.22 228.813 425.927 228.833 425.7 228.86V233.74H427.72ZM435.443 242V234.54C435.443 233.927 435.436 233.393 435.423 232.94C435.41 232.473 435.396 232.027 435.383 231.6L436.963 231.54L437.103 233.38H437.143C437.516 232.78 437.99 232.293 438.563 231.92C439.136 231.547 439.856 231.38 440.723 231.42V233.02C439.95 232.967 439.27 233.08 438.683 233.36C438.096 233.627 437.616 234.06 437.243 234.66V242H435.443ZM446.852 242.22C446.186 242.22 445.552 242.107 444.952 241.88C444.352 241.64 443.826 241.293 443.372 240.84C442.932 240.387 442.586 239.82 442.332 239.14C442.079 238.46 441.952 237.68 441.952 236.8C441.952 235.92 442.079 235.14 442.332 234.46C442.586 233.78 442.932 233.213 443.372 232.76C443.826 232.307 444.352 231.967 444.952 231.74C445.552 231.5 446.186 231.38 446.852 231.38C447.532 231.38 448.166 231.5 448.752 231.74C449.352 231.967 449.879 232.307 450.332 232.76C450.786 233.213 451.139 233.78 451.392 234.46C451.646 235.14 451.772 235.92 451.772 236.8C451.772 237.68 451.646 238.46 451.392 239.14C451.139 239.82 450.786 240.387 450.332 240.84C449.879 241.293 449.352 241.64 448.752 241.88C448.166 242.107 447.532 242.22 446.852 242.22ZM446.852 240.86C447.372 240.86 447.826 240.76 448.212 240.56C448.612 240.36 448.932 240.073 449.172 239.7C449.426 239.327 449.612 238.893 449.732 238.4C449.866 237.907 449.932 237.373 449.932 236.8C449.932 236.227 449.866 235.693 449.732 235.2C449.612 234.707 449.426 234.273 449.172 233.9C448.932 233.527 448.612 233.24 448.212 233.04C447.826 232.84 447.372 232.74 446.852 232.74C446.332 232.74 445.879 232.84 445.492 233.04C445.106 233.24 444.786 233.527 444.532 233.9C444.279 234.273 444.092 234.707 443.972 235.2C443.852 235.693 443.792 236.227 443.792 236.8C443.792 237.373 443.852 237.907 443.972 238.4C444.092 238.893 444.279 239.327 444.532 239.7C444.786 240.073 445.106 240.36 445.492 240.56C445.879 240.76 446.332 240.86 446.852 240.86ZM452.625 231.6H454.485L456.705 240.34H456.725L457.605 237.18L459.245 231.6H460.805L462.465 237.18L463.325 240.34H463.345L465.565 231.6H467.425L464.345 242H462.525L460.025 233.8H460.005L457.525 242H455.705L452.625 231.6ZM471.554 242.22C471.034 242.22 470.501 242.16 469.954 242.04C469.421 241.92 468.954 241.76 468.554 241.56L468.814 240.32C469.041 240.413 469.307 240.507 469.614 240.6C469.921 240.68 470.241 240.747 470.574 240.8C470.921 240.853 471.261 240.88 471.594 240.88C472.287 240.88 472.821 240.733 473.194 240.44C473.581 240.147 473.774 239.76 473.774 239.28C473.774 238.907 473.661 238.607 473.434 238.38C473.207 238.14 472.914 237.933 472.554 237.76C472.207 237.573 471.834 237.4 471.434 237.24C471.007 237.053 470.587 236.847 470.174 236.62C469.761 236.38 469.414 236.073 469.134 235.7C468.867 235.327 468.734 234.86 468.734 234.3C468.734 233.713 468.881 233.207 469.174 232.78C469.481 232.34 469.907 232 470.454 231.76C471.001 231.507 471.641 231.38 472.374 231.38C472.881 231.38 473.374 231.44 473.854 231.56C474.334 231.667 474.747 231.807 475.094 231.98L474.834 233.22C474.647 233.14 474.414 233.06 474.134 232.98C473.867 232.9 473.587 232.833 473.294 232.78C473.001 232.727 472.701 232.7 472.394 232.7C471.767 232.7 471.287 232.84 470.954 233.12C470.634 233.4 470.474 233.747 470.474 234.16C470.474 234.493 470.567 234.773 470.754 235C470.954 235.213 471.214 235.4 471.534 235.56C471.867 235.72 472.221 235.88 472.594 236.04C473.034 236.213 473.481 236.427 473.934 236.68C474.387 236.933 474.761 237.253 475.054 237.64C475.361 238.027 475.514 238.527 475.514 239.14C475.514 239.753 475.347 240.293 475.014 240.76C474.681 241.227 474.214 241.587 473.614 241.84C473.027 242.093 472.341 242.22 471.554 242.22ZM482.188 242.22C481.055 242.22 480.108 241.993 479.348 241.54C478.601 241.073 478.041 240.44 477.668 239.64C477.295 238.827 477.108 237.893 477.108 236.84C477.108 236.067 477.215 235.353 477.428 234.7C477.641 234.047 477.948 233.473 478.348 232.98C478.761 232.473 479.261 232.08 479.848 231.8C480.435 231.52 481.108 231.38 481.868 231.38C482.655 231.38 483.321 231.527 483.868 231.82C484.415 232.1 484.848 232.5 485.168 233.02C485.488 233.527 485.701 234.127 485.808 234.82C485.928 235.513 485.941 236.273 485.848 237.1H478.108L479.008 236.42C478.861 237.287 478.888 238.053 479.088 238.72C479.301 239.373 479.681 239.893 480.228 240.28C480.788 240.653 481.515 240.84 482.408 240.84C482.981 240.84 483.515 240.78 484.008 240.66C484.515 240.54 484.928 240.42 485.248 240.3L485.468 241.56C485.068 241.733 484.575 241.887 483.988 242.02C483.401 242.153 482.801 242.22 482.188 242.22ZM478.128 236.06H484.268C484.281 235.993 484.288 235.933 484.288 235.88C484.288 235.827 484.288 235.78 484.288 235.74C484.288 235.113 484.195 234.573 484.008 234.12C483.821 233.653 483.548 233.293 483.188 233.04C482.828 232.787 482.368 232.66 481.808 232.66C481.155 232.66 480.601 232.847 480.148 233.22C479.708 233.58 479.381 234.06 479.168 234.66C478.955 235.26 478.868 235.893 478.908 236.56L478.128 236.06Z" fill="black" style="fill:black;fill-opacity:1;"/>
<rect x="355.75" y="295.75" width="198.5" height="51.5" rx="4.25" fill="white" style="fill:white;fill-opacity:1;"/>
<rect x="355.75" y="295.75" width="198.5" height="51.5" rx="4.25" stroke="#DBDBDB" style="stroke:#DBDBDB;stroke:color(display-p3 0.8588 0.8588 0.8588);stroke-opacity:1;" stroke-width="1.5"/>
<path d="M414.56 315.44H416.88L419.14 322.08L420.84 327.52H420.88L422.6 322.08L424.86 315.44H427.16L427.78 330H426.02L425.8 323.94L425.6 318H425.56L421.58 330H420.04L416.16 318H416.12L415.9 323.94L415.66 330H413.94L414.56 315.44ZM435.098 330.22C433.965 330.22 433.018 329.993 432.258 329.54C431.512 329.073 430.952 328.44 430.578 327.64C430.205 326.827 430.018 325.893 430.018 324.84C430.018 324.067 430.125 323.353 430.338 322.7C430.552 322.047 430.858 321.473 431.258 320.98C431.672 320.473 432.172 320.08 432.758 319.8C433.345 319.52 434.018 319.38 434.778 319.38C435.565 319.38 436.232 319.527 436.778 319.82C437.325 320.1 437.758 320.5 438.078 321.02C438.398 321.527 438.612 322.127 438.718 322.82C438.838 323.513 438.852 324.273 438.758 325.1H431.018L431.918 324.42C431.772 325.287 431.798 326.053 431.998 326.72C432.212 327.373 432.592 327.893 433.138 328.28C433.698 328.653 434.425 328.84 435.318 328.84C435.892 328.84 436.425 328.78 436.918 328.66C437.425 328.54 437.838 328.42 438.158 328.3L438.378 329.56C437.978 329.733 437.485 329.887 436.898 330.02C436.312 330.153 435.712 330.22 435.098 330.22ZM431.038 324.06H437.178C437.192 323.993 437.198 323.933 437.198 323.88C437.198 323.827 437.198 323.78 437.198 323.74C437.198 323.113 437.105 322.573 436.918 322.12C436.732 321.653 436.458 321.293 436.098 321.04C435.738 320.787 435.278 320.66 434.718 320.66C434.065 320.66 433.512 320.847 433.058 321.22C432.618 321.58 432.292 322.06 432.078 322.66C431.865 323.26 431.778 323.893 431.818 324.56L431.038 324.06ZM443.429 330.22C442.816 330.22 442.276 330.093 441.809 329.84C441.356 329.587 441.002 329.24 440.749 328.8C440.496 328.36 440.369 327.853 440.369 327.28C440.369 326.68 440.482 326.193 440.709 325.82C440.949 325.447 441.262 325.16 441.649 324.96C442.049 324.76 442.489 324.627 442.969 324.56C443.449 324.48 443.936 324.44 444.429 324.44H446.629V323.18C446.629 322.847 446.602 322.54 446.549 322.26C446.509 321.967 446.416 321.713 446.269 321.5C446.136 321.273 445.922 321.1 445.629 320.98C445.336 320.847 444.936 320.78 444.429 320.78C443.882 320.78 443.342 320.847 442.809 320.98C442.289 321.113 441.809 321.273 441.369 321.46L441.069 320.18C441.429 320.02 441.809 319.88 442.209 319.76C442.622 319.64 443.042 319.547 443.469 319.48C443.909 319.413 444.322 319.38 444.709 319.38C445.509 319.38 446.156 319.48 446.649 319.68C447.142 319.867 447.516 320.133 447.769 320.48C448.022 320.813 448.189 321.207 448.269 321.66C448.362 322.113 448.409 322.6 448.409 323.12V327.44C448.409 327.827 448.416 328.26 448.429 328.74C448.456 329.207 448.476 329.627 448.489 330H447.169L446.809 328.4H446.769C446.436 328.933 445.976 329.373 445.389 329.72C444.816 330.053 444.162 330.22 443.429 330.22ZM443.989 328.96C444.589 328.96 445.142 328.8 445.649 328.48C446.169 328.147 446.509 327.713 446.669 327.18V325.46H444.669C444.402 325.46 444.116 325.473 443.809 325.5C443.516 325.527 443.236 325.593 442.969 325.7C442.702 325.793 442.489 325.96 442.329 326.2C442.169 326.44 442.089 326.767 442.089 327.18C442.089 327.74 442.262 328.18 442.609 328.5C442.956 328.807 443.416 328.96 443.989 328.96ZM451.185 315.04L452.985 314.98V330H451.185V315.04ZM460.463 322.7C460.463 322.14 460.456 321.6 460.443 321.08C460.429 320.56 460.416 320.067 460.403 319.6L461.963 319.54L462.083 321.14H462.123C462.509 320.673 462.996 320.267 463.583 319.92C464.183 319.56 464.836 319.38 465.543 319.38C466.383 319.38 467.096 319.6 467.683 320.04C468.283 320.467 468.736 321.073 469.043 321.86C469.349 322.647 469.503 323.567 469.503 324.62C469.503 325.74 469.323 326.72 468.963 327.56C468.603 328.387 468.103 329.04 467.463 329.52C466.836 329.987 466.116 330.22 465.303 330.22C464.836 330.22 464.403 330.14 464.003 329.98C463.616 329.82 463.276 329.62 462.983 329.38C462.703 329.127 462.469 328.88 462.283 328.64H462.243V334.48H460.463V322.7ZM464.863 328.78C465.503 328.78 466.029 328.587 466.443 328.2C466.856 327.813 467.163 327.313 467.363 326.7C467.563 326.087 467.663 325.42 467.663 324.7C467.663 323.913 467.556 323.233 467.343 322.66C467.143 322.073 466.843 321.627 466.443 321.32C466.043 321 465.543 320.84 464.942 320.84C464.569 320.84 464.209 320.913 463.863 321.06C463.529 321.207 463.223 321.4 462.943 321.64C462.663 321.867 462.436 322.113 462.263 322.38V326.84C462.356 327.147 462.516 327.453 462.743 327.76C462.983 328.053 463.283 328.3 463.643 328.5C464.003 328.687 464.409 328.78 464.863 328.78ZM471.693 315.04L473.493 314.98V330H471.693V315.04ZM478.722 330.22C478.109 330.22 477.569 330.093 477.102 329.84C476.649 329.587 476.295 329.24 476.042 328.8C475.789 328.36 475.662 327.853 475.662 327.28C475.662 326.68 475.775 326.193 476.002 325.82C476.242 325.447 476.555 325.16 476.942 324.96C477.342 324.76 477.782 324.627 478.262 324.56C478.742 324.48 479.229 324.44 479.722 324.44H481.922V323.18C481.922 322.847 481.895 322.54 481.842 322.26C481.802 321.967 481.709 321.713 481.562 321.5C481.429 321.273 481.215 321.1 480.922 320.98C480.629 320.847 480.229 320.78 479.722 320.78C479.175 320.78 478.635 320.847 478.102 320.98C477.582 321.113 477.102 321.273 476.662 321.46L476.362 320.18C476.722 320.02 477.102 319.88 477.502 319.76C477.915 319.64 478.335 319.547 478.762 319.48C479.202 319.413 479.615 319.38 480.002 319.38C480.802 319.38 481.449 319.48 481.942 319.68C482.435 319.867 482.809 320.133 483.062 320.48C483.315 320.813 483.482 321.207 483.562 321.66C483.655 322.113 483.702 322.6 483.702 323.12V327.44C483.702 327.827 483.709 328.26 483.722 328.74C483.749 329.207 483.769 329.627 483.782 330H482.462L482.102 328.4H482.062C481.729 328.933 481.269 329.373 480.682 329.72C480.109 330.053 479.455 330.22 478.722 330.22ZM479.282 328.96C479.882 328.96 480.435 328.8 480.942 328.48C481.462 328.147 481.802 327.713 481.962 327.18V325.46H479.962C479.695 325.46 479.409 325.473 479.102 325.5C478.809 325.527 478.529 325.593 478.262 325.7C477.995 325.793 477.782 325.96 477.622 326.2C477.462 326.44 477.382 326.767 477.382 327.18C477.382 327.74 477.555 328.18 477.902 328.5C478.249 328.807 478.709 328.96 479.282 328.96ZM486.458 322.5C486.458 321.927 486.451 321.407 486.438 320.94C486.438 320.473 486.431 320.027 486.418 319.6L487.998 319.54L488.098 321.1H488.158C488.398 320.86 488.691 320.607 489.038 320.34C489.398 320.073 489.805 319.847 490.258 319.66C490.725 319.473 491.231 319.38 491.778 319.38C492.218 319.38 492.638 319.46 493.038 319.62C493.451 319.78 493.811 320.027 494.118 320.36C494.425 320.693 494.671 321.127 494.858 321.66C495.045 322.18 495.138 322.813 495.138 323.56V330H493.338V323.64C493.338 323.093 493.271 322.64 493.138 322.28C493.005 321.92 492.825 321.633 492.598 321.42C492.385 321.207 492.145 321.06 491.878 320.98C491.625 320.887 491.371 320.84 491.118 320.84C490.691 320.84 490.298 320.92 489.938 321.08C489.578 321.24 489.258 321.44 488.978 321.68C488.698 321.907 488.458 322.127 488.258 322.34V330H486.458V322.5Z" fill="black" style="fill:black;fill-opacity:1;"/>
<rect x="355.75" y="383.75" width="198.5" height="51.5" rx="4.25" fill="white" style="fill:white;fill-opacity:1;"/>
<rect x="355.75" y="383.75" width="198.5" height="51.5" rx="4.25" stroke="#DBDBDB" style="stroke:#DBDBDB;stroke:color(display-p3 0.8588 0.8588 0.8588);stroke-opacity:1;" stroke-width="1.5"/>
<path d="M400.14 418.24C399.42 418.24 398.713 418.153 398.02 417.98C397.34 417.807 396.78 417.627 396.34 417.44L396.68 416C397.12 416.173 397.647 416.34 398.26 416.5C398.887 416.647 399.493 416.72 400.08 416.72C400.707 416.72 401.253 416.62 401.72 416.42C402.2 416.207 402.58 415.907 402.86 415.52C403.14 415.133 403.28 414.673 403.28 414.14C403.28 413.607 403.12 413.167 402.8 412.82C402.493 412.473 402.093 412.173 401.6 411.92C401.107 411.667 400.587 411.42 400.04 411.18C399.6 410.98 399.167 410.767 398.74 410.54C398.327 410.313 397.947 410.047 397.6 409.74C397.253 409.433 396.973 409.073 396.76 408.66C396.56 408.233 396.46 407.733 396.46 407.16C396.46 406.307 396.673 405.587 397.1 405C397.54 404.413 398.12 403.967 398.84 403.66C399.56 403.353 400.353 403.2 401.22 403.2C401.873 403.2 402.48 403.273 403.04 403.42C403.613 403.567 404.087 403.72 404.46 403.88L404.16 405.32C403.84 405.187 403.42 405.053 402.9 404.92C402.38 404.787 401.84 404.72 401.28 404.72C400.373 404.72 399.647 404.94 399.1 405.38C398.567 405.807 398.3 406.373 398.3 407.08C398.3 407.587 398.447 408.007 398.74 408.34C399.047 408.673 399.44 408.967 399.92 409.22C400.4 409.46 400.907 409.7 401.44 409.94C401.88 410.14 402.313 410.353 402.74 410.58C403.18 410.807 403.58 411.073 403.94 411.38C404.3 411.687 404.58 412.06 404.78 412.5C404.993 412.927 405.1 413.433 405.1 414.02C405.1 414.86 404.893 415.6 404.48 416.24C404.08 416.867 403.507 417.36 402.76 417.72C402.013 418.067 401.14 418.24 400.14 418.24ZM409.788 418.22C409.175 418.22 408.635 418.093 408.168 417.84C407.715 417.587 407.362 417.24 407.108 416.8C406.855 416.36 406.728 415.853 406.728 415.28C406.728 414.68 406.842 414.193 407.068 413.82C407.308 413.447 407.622 413.16 408.008 412.96C408.408 412.76 408.848 412.627 409.328 412.56C409.808 412.48 410.295 412.44 410.788 412.44H412.988V411.18C412.988 410.847 412.962 410.54 412.908 410.26C412.868 409.967 412.775 409.713 412.628 409.5C412.495 409.273 412.282 409.1 411.988 408.98C411.695 408.847 411.295 408.78 410.788 408.78C410.242 408.78 409.702 408.847 409.168 408.98C408.648 409.113 408.168 409.273 407.728 409.46L407.428 408.18C407.788 408.02 408.168 407.88 408.568 407.76C408.982 407.64 409.402 407.547 409.828 407.48C410.268 407.413 410.682 407.38 411.068 407.38C411.868 407.38 412.515 407.48 413.008 407.68C413.502 407.867 413.875 408.133 414.128 408.48C414.382 408.813 414.548 409.207 414.628 409.66C414.722 410.113 414.768 410.6 414.768 411.12V415.44C414.768 415.827 414.775 416.26 414.788 416.74C414.815 417.207 414.835 417.627 414.848 418H413.528L413.168 416.4H413.128C412.795 416.933 412.335 417.373 411.748 417.72C411.175 418.053 410.522 418.22 409.788 418.22ZM410.348 416.96C410.948 416.96 411.502 416.8 412.008 416.48C412.528 416.147 412.868 415.713 413.028 415.18V413.46H411.028C410.762 413.46 410.475 413.473 410.168 413.5C409.875 413.527 409.595 413.593 409.328 413.7C409.062 413.793 408.848 413.96 408.688 414.2C408.528 414.44 408.448 414.767 408.448 415.18C408.448 415.74 408.622 416.18 408.968 416.5C409.315 416.807 409.775 416.96 410.348 416.96ZM416.405 407.6H418.305L421.145 416.32H421.165L423.985 407.6H425.905L422.085 418H420.225L416.405 407.6ZM431.868 418.22C430.734 418.22 429.788 417.993 429.028 417.54C428.281 417.073 427.721 416.44 427.348 415.64C426.974 414.827 426.788 413.893 426.788 412.84C426.788 412.067 426.894 411.353 427.108 410.7C427.321 410.047 427.628 409.473 428.028 408.98C428.441 408.473 428.941 408.08 429.528 407.8C430.114 407.52 430.788 407.38 431.548 407.38C432.334 407.38 433.001 407.527 433.548 407.82C434.094 408.1 434.528 408.5 434.848 409.02C435.168 409.527 435.381 410.127 435.488 410.82C435.608 411.513 435.621 412.273 435.528 413.1H427.788L428.688 412.42C428.541 413.287 428.568 414.053 428.768 414.72C428.981 415.373 429.361 415.893 429.908 416.28C430.468 416.653 431.194 416.84 432.088 416.84C432.661 416.84 433.194 416.78 433.688 416.66C434.194 416.54 434.608 416.42 434.928 416.3L435.148 417.56C434.748 417.733 434.254 417.887 433.668 418.02C433.081 418.153 432.481 418.22 431.868 418.22ZM427.808 412.06H433.948C433.961 411.993 433.968 411.933 433.968 411.88C433.968 411.827 433.968 411.78 433.968 411.74C433.968 411.113 433.874 410.573 433.688 410.12C433.501 409.653 433.228 409.293 432.868 409.04C432.508 408.787 432.048 408.66 431.488 408.66C430.834 408.66 430.281 408.847 429.828 409.22C429.388 409.58 429.061 410.06 428.848 410.66C428.634 411.26 428.548 411.893 428.588 412.56L427.808 412.06ZM441.338 418.22C440.512 418.22 439.785 418 439.158 417.56C438.545 417.107 438.058 416.48 437.698 415.68C437.352 414.867 437.178 413.94 437.178 412.9C437.178 411.807 437.358 410.853 437.718 410.04C438.078 409.213 438.585 408.567 439.238 408.1C439.892 407.62 440.645 407.38 441.498 407.38C442.112 407.38 442.672 407.507 443.178 407.76C443.685 408 444.092 408.287 444.398 408.62H444.438V403.04L446.218 402.98V415.36C446.218 415.613 446.218 415.9 446.218 416.22C446.232 416.54 446.238 416.853 446.238 417.16C446.252 417.467 446.265 417.747 446.278 418H444.978L444.598 416.5H444.558C444.225 416.98 443.785 417.387 443.238 417.72C442.705 418.053 442.072 418.22 441.338 418.22ZM441.838 416.78C442.505 416.78 443.065 416.593 443.518 416.22C443.972 415.833 444.278 415.4 444.438 414.92V409.94C444.145 409.62 443.785 409.353 443.358 409.14C442.945 408.927 442.492 408.82 441.998 408.82C441.358 408.82 440.812 409.007 440.358 409.38C439.918 409.74 439.578 410.227 439.338 410.84C439.112 411.453 438.998 412.133 438.998 412.88C438.998 413.613 439.112 414.28 439.338 414.88C439.565 415.467 439.892 415.933 440.318 416.28C440.745 416.613 441.252 416.78 441.838 416.78ZM453.677 418V410.54C453.677 409.927 453.671 409.393 453.657 408.94C453.644 408.473 453.631 408.027 453.617 407.6L455.197 407.54L455.337 409.38H455.377C455.751 408.78 456.224 408.293 456.797 407.92C457.371 407.547 458.091 407.38 458.957 407.42V409.02C458.184 408.967 457.504 409.08 456.917 409.36C456.331 409.627 455.851 410.06 455.477 410.66V418H453.677ZM465.247 418.22C464.113 418.22 463.167 417.993 462.407 417.54C461.66 417.073 461.1 416.44 460.727 415.64C460.353 414.827 460.167 413.893 460.167 412.84C460.167 412.067 460.273 411.353 460.487 410.7C460.7 410.047 461.007 409.473 461.407 408.98C461.82 408.473 462.32 408.08 462.907 407.8C463.493 407.52 464.167 407.38 464.927 407.38C465.713 407.38 466.38 407.527 466.927 407.82C467.473 408.1 467.907 408.5 468.227 409.02C468.547 409.527 468.76 410.127 468.867 410.82C468.987 411.513 469 412.273 468.907 413.1H461.167L462.067 412.42C461.92 413.287 461.947 414.053 462.147 414.72C462.36 415.373 462.74 415.893 463.287 416.28C463.847 416.653 464.573 416.84 465.467 416.84C466.04 416.84 466.573 416.78 467.067 416.66C467.573 416.54 467.987 416.42 468.307 416.3L468.527 417.56C468.127 417.733 467.633 417.887 467.047 418.02C466.46 418.153 465.86 418.22 465.247 418.22ZM461.187 412.06H467.327C467.34 411.993 467.347 411.933 467.347 411.88C467.347 411.827 467.347 411.78 467.347 411.74C467.347 411.113 467.253 410.573 467.067 410.12C466.88 409.653 466.607 409.293 466.247 409.04C465.887 408.787 465.427 408.66 464.867 408.66C464.213 408.66 463.66 408.847 463.207 409.22C462.767 409.58 462.44 410.06 462.227 410.66C462.013 411.26 461.927 411.893 461.967 412.56L461.187 412.06ZM475.697 418.22C474.644 418.22 473.731 418.007 472.957 417.58C472.197 417.14 471.604 416.52 471.177 415.72C470.764 414.907 470.557 413.94 470.557 412.82C470.557 411.74 470.764 410.793 471.177 409.98C471.604 409.167 472.204 408.533 472.977 408.08C473.764 407.627 474.711 407.4 475.817 407.4C476.284 407.4 476.771 407.447 477.277 407.54C477.784 407.633 478.237 407.773 478.637 407.96L478.417 409.3C478.097 409.153 477.711 409.033 477.257 408.94C476.817 408.847 476.364 408.8 475.897 408.8C475.137 408.8 474.491 408.973 473.957 409.32C473.437 409.653 473.044 410.12 472.777 410.72C472.511 411.32 472.377 412.007 472.377 412.78C472.377 413.607 472.524 414.32 472.817 414.92C473.124 415.52 473.551 415.98 474.097 416.3C474.644 416.62 475.284 416.78 476.017 416.78C476.551 416.78 477.044 416.727 477.497 416.62C477.964 416.5 478.331 416.393 478.597 416.3L478.777 417.62C478.444 417.767 477.984 417.9 477.397 418.02C476.824 418.153 476.257 418.22 475.697 418.22ZM480.866 407.6L482.666 407.54V418H480.866V407.6ZM481.766 405.74C481.446 405.74 481.173 405.64 480.946 405.44C480.72 405.24 480.606 404.98 480.606 404.66C480.606 404.327 480.72 404.06 480.946 403.86C481.173 403.647 481.446 403.54 481.766 403.54C482.086 403.54 482.353 403.647 482.566 403.86C482.793 404.06 482.906 404.327 482.906 404.66C482.906 404.98 482.793 405.24 482.566 405.44C482.353 405.64 482.086 405.74 481.766 405.74ZM485.513 410.7C485.513 410.14 485.507 409.6 485.493 409.08C485.48 408.56 485.467 408.067 485.453 407.6L487.013 407.54L487.133 409.14H487.173C487.56 408.673 488.047 408.267 488.633 407.92C489.233 407.56 489.887 407.38 490.593 407.38C491.433 407.38 492.147 407.6 492.733 408.04C493.333 408.467 493.787 409.073 494.093 409.86C494.4 410.647 494.553 411.567 494.553 412.62C494.553 413.74 494.373 414.72 494.013 415.56C493.653 416.387 493.153 417.04 492.513 417.52C491.887 417.987 491.167 418.22 490.353 418.22C489.887 418.22 489.453 418.14 489.053 417.98C488.667 417.82 488.327 417.62 488.033 417.38C487.753 417.127 487.52 416.88 487.333 416.64H487.293V422.48H485.513V410.7ZM489.913 416.78C490.553 416.78 491.08 416.587 491.493 416.2C491.907 415.813 492.213 415.313 492.413 414.7C492.613 414.087 492.713 413.42 492.713 412.7C492.713 411.913 492.607 411.233 492.393 410.66C492.193 410.073 491.893 409.627 491.493 409.32C491.093 409 490.593 408.84 489.993 408.84C489.62 408.84 489.26 408.913 488.913 409.06C488.58 409.207 488.273 409.4 487.993 409.64C487.713 409.867 487.487 410.113 487.313 410.38V414.84C487.407 415.147 487.567 415.453 487.793 415.76C488.033 416.053 488.333 416.3 488.693 416.5C489.053 416.687 489.46 416.78 489.913 416.78ZM501.204 418.22C500.07 418.22 499.124 417.993 498.364 417.54C497.617 417.073 497.057 416.44 496.684 415.64C496.31 414.827 496.124 413.893 496.124 412.84C496.124 412.067 496.23 411.353 496.444 410.7C496.657 410.047 496.964 409.473 497.364 408.98C497.777 408.473 498.277 408.08 498.864 407.8C499.45 407.52 500.124 407.38 500.884 407.38C501.67 407.38 502.337 407.527 502.884 407.82C503.43 408.1 503.864 408.5 504.184 409.02C504.504 409.527 504.717 410.127 504.824 410.82C504.944 411.513 504.957 412.273 504.864 413.1H497.124L498.024 412.42C497.877 413.287 497.904 414.053 498.104 414.72C498.317 415.373 498.697 415.893 499.244 416.28C499.804 416.653 500.53 416.84 501.424 416.84C501.997 416.84 502.53 416.78 503.024 416.66C503.53 416.54 503.944 416.42 504.264 416.3L504.484 417.56C504.084 417.733 503.59 417.887 503.004 418.02C502.417 418.153 501.817 418.22 501.204 418.22ZM497.144 412.06H503.284C503.297 411.993 503.304 411.933 503.304 411.88C503.304 411.827 503.304 411.78 503.304 411.74C503.304 411.113 503.21 410.573 503.024 410.12C502.837 409.653 502.564 409.293 502.204 409.04C501.844 408.787 501.384 408.66 500.824 408.66C500.17 408.66 499.617 408.847 499.164 409.22C498.724 409.58 498.397 410.06 498.184 410.66C497.97 411.26 497.884 411.893 497.924 412.56L497.144 412.06ZM509.534 418.22C509.014 418.22 508.481 418.16 507.934 418.04C507.401 417.92 506.934 417.76 506.534 417.56L506.794 416.32C507.021 416.413 507.288 416.507 507.594 416.6C507.901 416.68 508.221 416.747 508.554 416.8C508.901 416.853 509.241 416.88 509.574 416.88C510.268 416.88 510.801 416.733 511.174 416.44C511.561 416.147 511.754 415.76 511.754 415.28C511.754 414.907 511.641 414.607 511.414 414.38C511.188 414.14 510.894 413.933 510.534 413.76C510.188 413.573 509.814 413.4 509.414 413.24C508.988 413.053 508.568 412.847 508.154 412.62C507.741 412.38 507.394 412.073 507.114 411.7C506.848 411.327 506.714 410.86 506.714 410.3C506.714 409.713 506.861 409.207 507.154 408.78C507.461 408.34 507.888 408 508.434 407.76C508.981 407.507 509.621 407.38 510.354 407.38C510.861 407.38 511.354 407.44 511.834 407.56C512.314 407.667 512.728 407.807 513.074 407.98L512.814 409.22C512.628 409.14 512.394 409.06 512.114 408.98C511.848 408.9 511.568 408.833 511.274 408.78C510.981 408.727 510.681 408.7 510.374 408.7C509.748 408.7 509.268 408.84 508.934 409.12C508.614 409.4 508.454 409.747 508.454 410.16C508.454 410.493 508.548 410.773 508.734 411C508.934 411.213 509.194 411.4 509.514 411.56C509.848 411.72 510.201 411.88 510.574 412.04C511.014 412.213 511.461 412.427 511.914 412.68C512.368 412.933 512.741 413.253 513.034 413.64C513.341 414.027 513.494 414.527 513.494 415.14C513.494 415.753 513.328 416.293 512.994 416.76C512.661 417.227 512.194 417.587 511.594 417.84C511.008 418.093 510.321 418.22 509.534 418.22Z" fill="black" style="fill:black;fill-opacity:1;"/>
<rect x="355.75" y="471.75" width="198.5" height="51.5" rx="4.25" fill="white" style="fill:white;fill-opacity:1;"/>
<rect x="355.75" y="471.75" width="198.5" height="51.5" rx="4.25" stroke="#DBDBDB" style="stroke:#DBDBDB;stroke:color(display-p3 0.8588 0.8588 0.8588);stroke-opacity:1;" stroke-width="1.5"/>
<path d="M403.14 506.24C402.42 506.24 401.713 506.153 401.02 505.98C400.34 505.807 399.78 505.627 399.34 505.44L399.68 504C400.12 504.173 400.647 504.34 401.26 504.5C401.887 504.647 402.493 504.72 403.08 504.72C403.707 504.72 404.253 504.62 404.72 504.42C405.2 504.207 405.58 503.907 405.86 503.52C406.14 503.133 406.28 502.673 406.28 502.14C406.28 501.607 406.12 501.167 405.8 500.82C405.493 500.473 405.093 500.173 404.6 499.92C404.107 499.667 403.587 499.42 403.04 499.18C402.6 498.98 402.167 498.767 401.74 498.54C401.327 498.313 400.947 498.047 400.6 497.74C400.253 497.433 399.973 497.073 399.76 496.66C399.56 496.233 399.46 495.733 399.46 495.16C399.46 494.307 399.673 493.587 400.1 493C400.54 492.413 401.12 491.967 401.84 491.66C402.56 491.353 403.353 491.2 404.22 491.2C404.873 491.2 405.48 491.273 406.04 491.42C406.613 491.567 407.087 491.72 407.46 491.88L407.16 493.32C406.84 493.187 406.42 493.053 405.9 492.92C405.38 492.787 404.84 492.72 404.28 492.72C403.373 492.72 402.647 492.94 402.1 493.38C401.567 493.807 401.3 494.373 401.3 495.08C401.3 495.587 401.447 496.007 401.74 496.34C402.047 496.673 402.44 496.967 402.92 497.22C403.4 497.46 403.907 497.7 404.44 497.94C404.88 498.14 405.313 498.353 405.74 498.58C406.18 498.807 406.58 499.073 406.94 499.38C407.3 499.687 407.58 500.06 407.78 500.5C407.993 500.927 408.1 501.433 408.1 502.02C408.1 502.86 407.893 503.6 407.48 504.24C407.08 504.867 406.507 505.36 405.76 505.72C405.013 506.067 404.14 506.24 403.14 506.24ZM410.388 491.04L412.188 490.98V497.08H412.228C412.508 496.8 412.815 496.533 413.148 496.28C413.495 496.013 413.882 495.8 414.308 495.64C414.735 495.467 415.202 495.38 415.708 495.38C416.148 495.38 416.568 495.46 416.968 495.62C417.382 495.78 417.742 496.027 418.048 496.36C418.368 496.693 418.615 497.133 418.788 497.68C418.975 498.213 419.068 498.86 419.068 499.62V506H417.268V499.7C417.268 499.167 417.202 498.72 417.068 498.36C416.948 497.987 416.782 497.693 416.568 497.48C416.355 497.253 416.115 497.093 415.848 497C415.582 496.893 415.308 496.84 415.028 496.84C414.615 496.84 414.228 496.92 413.868 497.08C413.508 497.24 413.188 497.44 412.908 497.68C412.642 497.907 412.402 498.127 412.188 498.34V506H410.408L410.388 491.04ZM426.153 506.22C425.486 506.22 424.853 506.107 424.253 505.88C423.653 505.64 423.126 505.293 422.673 504.84C422.233 504.387 421.886 503.82 421.633 503.14C421.38 502.46 421.253 501.68 421.253 500.8C421.253 499.92 421.38 499.14 421.633 498.46C421.886 497.78 422.233 497.213 422.673 496.76C423.126 496.307 423.653 495.967 424.253 495.74C424.853 495.5 425.486 495.38 426.153 495.38C426.833 495.38 427.466 495.5 428.053 495.74C428.653 495.967 429.18 496.307 429.633 496.76C430.086 497.213 430.44 497.78 430.693 498.46C430.946 499.14 431.073 499.92 431.073 500.8C431.073 501.68 430.946 502.46 430.693 503.14C430.44 503.82 430.086 504.387 429.633 504.84C429.18 505.293 428.653 505.64 428.053 505.88C427.466 506.107 426.833 506.22 426.153 506.22ZM426.153 504.86C426.673 504.86 427.126 504.76 427.513 504.56C427.913 504.36 428.233 504.073 428.473 503.7C428.726 503.327 428.913 502.893 429.033 502.4C429.166 501.907 429.233 501.373 429.233 500.8C429.233 500.227 429.166 499.693 429.033 499.2C428.913 498.707 428.726 498.273 428.473 497.9C428.233 497.527 427.913 497.24 427.513 497.04C427.126 496.84 426.673 496.74 426.153 496.74C425.633 496.74 425.18 496.84 424.793 497.04C424.406 497.24 424.086 497.527 423.833 497.9C423.58 498.273 423.393 498.707 423.273 499.2C423.153 499.693 423.093 500.227 423.093 500.8C423.093 501.373 423.153 501.907 423.273 502.4C423.393 502.893 423.58 503.327 423.833 503.7C424.086 504.073 424.406 504.36 424.793 504.56C425.18 504.76 425.633 504.86 426.153 504.86ZM433.24 498.7C433.24 498.14 433.233 497.6 433.22 497.08C433.207 496.56 433.193 496.067 433.18 495.6L434.74 495.54L434.86 497.14H434.9C435.287 496.673 435.773 496.267 436.36 495.92C436.96 495.56 437.613 495.38 438.32 495.38C439.16 495.38 439.873 495.6 440.46 496.04C441.06 496.467 441.513 497.073 441.82 497.86C442.127 498.647 442.28 499.567 442.28 500.62C442.28 501.74 442.1 502.72 441.74 503.56C441.38 504.387 440.88 505.04 440.24 505.52C439.613 505.987 438.893 506.22 438.08 506.22C437.613 506.22 437.18 506.14 436.78 505.98C436.393 505.82 436.053 505.62 435.76 505.38C435.48 505.127 435.247 504.88 435.06 504.64H435.02V510.48H433.24V498.7ZM437.64 504.78C438.28 504.78 438.807 504.587 439.22 504.2C439.633 503.813 439.94 503.313 440.14 502.7C440.34 502.087 440.44 501.42 440.44 500.7C440.44 499.913 440.333 499.233 440.12 498.66C439.92 498.073 439.62 497.627 439.22 497.32C438.82 497 438.32 496.84 437.72 496.84C437.347 496.84 436.987 496.913 436.64 497.06C436.307 497.207 436 497.4 435.72 497.64C435.44 497.867 435.213 498.113 435.04 498.38V502.84C435.133 503.147 435.293 503.453 435.52 503.76C435.76 504.053 436.06 504.3 436.42 504.5C436.78 504.687 437.187 504.78 437.64 504.78ZM444.47 498.7C444.47 498.14 444.464 497.6 444.45 497.08C444.437 496.56 444.424 496.067 444.41 495.6L445.97 495.54L446.09 497.14H446.13C446.517 496.673 447.004 496.267 447.59 495.92C448.19 495.56 448.844 495.38 449.55 495.38C450.39 495.38 451.104 495.6 451.69 496.04C452.29 496.467 452.744 497.073 453.05 497.86C453.357 498.647 453.51 499.567 453.51 500.62C453.51 501.74 453.33 502.72 452.97 503.56C452.61 504.387 452.11 505.04 451.47 505.52C450.844 505.987 450.124 506.22 449.31 506.22C448.844 506.22 448.41 506.14 448.01 505.98C447.624 505.82 447.284 505.62 446.99 505.38C446.71 505.127 446.477 504.88 446.29 504.64H446.25V510.48H444.47V498.7ZM448.87 504.78C449.51 504.78 450.037 504.587 450.45 504.2C450.864 503.813 451.17 503.313 451.37 502.7C451.57 502.087 451.67 501.42 451.67 500.7C451.67 499.913 451.564 499.233 451.35 498.66C451.15 498.073 450.85 497.627 450.45 497.32C450.05 497 449.55 496.84 448.95 496.84C448.577 496.84 448.217 496.913 447.87 497.06C447.537 497.207 447.23 497.4 446.95 497.64C446.67 497.867 446.444 498.113 446.27 498.38V502.84C446.364 503.147 446.524 503.453 446.75 503.76C446.99 504.053 447.29 504.3 447.65 504.5C448.01 504.687 448.417 504.78 448.87 504.78ZM455.761 495.6L457.561 495.54V506H455.761V495.6ZM456.661 493.74C456.341 493.74 456.067 493.64 455.841 493.44C455.614 493.24 455.501 492.98 455.501 492.66C455.501 492.327 455.614 492.06 455.841 491.86C456.067 491.647 456.341 491.54 456.661 491.54C456.981 491.54 457.247 491.647 457.461 491.86C457.687 492.06 457.801 492.327 457.801 492.66C457.801 492.98 457.687 493.24 457.461 493.44C457.247 493.64 456.981 493.74 456.661 493.74ZM460.388 498.5C460.388 497.927 460.381 497.407 460.368 496.94C460.368 496.473 460.361 496.027 460.348 495.6L461.928 495.54L462.028 497.1H462.088C462.328 496.86 462.621 496.607 462.968 496.34C463.328 496.073 463.734 495.847 464.188 495.66C464.654 495.473 465.161 495.38 465.708 495.38C466.148 495.38 466.568 495.46 466.968 495.62C467.381 495.78 467.741 496.027 468.048 496.36C468.354 496.693 468.601 497.127 468.788 497.66C468.974 498.18 469.068 498.813 469.068 499.56V506H467.268V499.64C467.268 499.093 467.201 498.64 467.068 498.28C466.934 497.92 466.754 497.633 466.528 497.42C466.314 497.207 466.074 497.06 465.808 496.98C465.554 496.887 465.301 496.84 465.048 496.84C464.621 496.84 464.228 496.92 463.868 497.08C463.508 497.24 463.188 497.44 462.908 497.68C462.628 497.907 462.388 498.127 462.188 498.34V506H460.388V498.5ZM475.633 503.2C474.82 503.2 474.1 503.033 473.473 502.7C472.86 502.367 472.38 501.907 472.033 501.32C471.686 500.733 471.513 500.06 471.513 499.3C471.513 498.527 471.686 497.847 472.033 497.26C472.38 496.673 472.86 496.213 473.473 495.88C474.1 495.547 474.82 495.38 475.633 495.38C476.446 495.38 477.16 495.547 477.773 495.88C478.4 496.213 478.886 496.673 479.233 497.26C479.58 497.847 479.753 498.527 479.753 499.3C479.753 500.06 479.58 500.733 479.233 501.32C478.9 501.907 478.426 502.367 477.813 502.7C477.2 503.033 476.473 503.2 475.633 503.2ZM475.633 502.02C476.166 502.02 476.606 501.9 476.953 501.66C477.313 501.407 477.58 501.073 477.753 500.66C477.926 500.247 478.013 499.793 478.013 499.3C478.013 498.78 477.926 498.32 477.753 497.92C477.58 497.507 477.313 497.18 476.953 496.94C476.606 496.687 476.166 496.56 475.633 496.56C475.1 496.56 474.653 496.687 474.293 496.94C473.946 497.18 473.686 497.507 473.513 497.92C473.34 498.32 473.253 498.78 473.253 499.3C473.253 499.793 473.34 500.247 473.513 500.66C473.686 501.073 473.946 501.407 474.293 501.66C474.653 501.9 475.1 502.02 475.633 502.02ZM475.473 510.7C474.873 510.7 474.286 510.653 473.713 510.56C473.153 510.467 472.64 510.307 472.173 510.08C471.72 509.867 471.36 509.58 471.093 509.22C470.826 508.873 470.693 508.44 470.693 507.92C470.693 507.36 470.833 506.88 471.113 506.48C471.393 506.093 471.773 505.753 472.253 505.46V505.44C472.04 505.307 471.88 505.153 471.773 504.98C471.666 504.793 471.613 504.573 471.613 504.32C471.613 503.933 471.753 503.56 472.033 503.2C472.313 502.827 472.633 502.493 472.993 502.2L473.753 502.56C473.513 502.773 473.313 503 473.153 503.24C473.006 503.467 472.933 503.707 472.933 503.96C472.933 504.213 473.033 504.4 473.233 504.52C473.446 504.64 473.76 504.713 474.173 504.74L476.933 504.88C477.266 504.893 477.653 504.933 478.093 505C478.533 505.053 478.96 505.16 479.373 505.32C479.786 505.48 480.133 505.72 480.413 506.04C480.693 506.373 480.833 506.827 480.833 507.4C480.833 507.947 480.646 508.473 480.273 508.98C479.913 509.487 479.34 509.9 478.553 510.22C477.766 510.54 476.74 510.7 475.473 510.7ZM475.633 509.34C476.5 509.34 477.193 509.253 477.713 509.08C478.246 508.92 478.633 508.7 478.873 508.42C479.113 508.14 479.233 507.847 479.233 507.54C479.233 507.233 479.146 506.987 478.973 506.8C478.813 506.627 478.6 506.487 478.333 506.38C478.08 506.287 477.806 506.22 477.513 506.18C477.233 506.153 476.966 506.133 476.713 506.12L474.133 505.96C473.84 505.933 473.606 505.907 473.433 505.88C473.273 505.853 473.133 505.807 473.013 505.74L473.233 505.76C472.926 505.933 472.666 506.173 472.453 506.48C472.24 506.8 472.133 507.133 472.133 507.48C472.133 507.84 472.233 508.14 472.433 508.38C472.633 508.633 472.893 508.827 473.213 508.96C473.546 509.107 473.92 509.207 474.333 509.26C474.746 509.313 475.18 509.34 475.633 509.34ZM476.813 495.6H480.893V496.6H478.333L476.813 495.6ZM487.322 491.04L489.122 490.98V506H487.322V491.04ZM492.011 495.6L493.811 495.54V506H492.011V495.6ZM492.911 493.74C492.591 493.74 492.317 493.64 492.091 493.44C491.864 493.24 491.751 492.98 491.751 492.66C491.751 492.327 491.864 492.06 492.091 491.86C492.317 491.647 492.591 491.54 492.911 491.54C493.231 491.54 493.497 491.647 493.711 491.86C493.937 492.06 494.051 492.327 494.051 492.66C494.051 492.98 493.937 493.24 493.711 493.44C493.497 493.64 493.231 493.74 492.911 493.74ZM499.058 506.22C498.538 506.22 498.004 506.16 497.458 506.04C496.924 505.92 496.458 505.76 496.058 505.56L496.318 504.32C496.544 504.413 496.811 504.507 497.118 504.6C497.424 504.68 497.744 504.747 498.078 504.8C498.424 504.853 498.764 504.88 499.098 504.88C499.791 504.88 500.324 504.733 500.698 504.44C501.084 504.147 501.278 503.76 501.278 503.28C501.278 502.907 501.164 502.607 500.938 502.38C500.711 502.14 500.418 501.933 500.058 501.76C499.711 501.573 499.338 501.4 498.938 501.24C498.511 501.053 498.091 500.847 497.678 500.62C497.264 500.38 496.918 500.073 496.638 499.7C496.371 499.327 496.238 498.86 496.238 498.3C496.238 497.713 496.384 497.207 496.678 496.78C496.984 496.34 497.411 496 497.958 495.76C498.504 495.507 499.144 495.38 499.878 495.38C500.384 495.38 500.878 495.44 501.358 495.56C501.838 495.667 502.251 495.807 502.598 495.98L502.338 497.22C502.151 497.14 501.918 497.06 501.638 496.98C501.371 496.9 501.091 496.833 500.798 496.78C500.504 496.727 500.204 496.7 499.898 496.7C499.271 496.7 498.791 496.84 498.458 497.12C498.138 497.4 497.978 497.747 497.978 498.16C497.978 498.493 498.071 498.773 498.258 499C498.458 499.213 498.718 499.4 499.038 499.56C499.371 499.72 499.724 499.88 500.098 500.04C500.538 500.213 500.984 500.427 501.438 500.68C501.891 500.933 502.264 501.253 502.558 501.64C502.864 502.027 503.018 502.527 503.018 503.14C503.018 503.753 502.851 504.293 502.518 504.76C502.184 505.227 501.718 505.587 501.118 505.84C500.531 506.093 499.844 506.22 499.058 506.22ZM508.392 506.22C507.832 506.22 507.372 506.127 507.012 505.94C506.665 505.753 506.405 505.507 506.232 505.2C506.059 504.88 505.939 504.52 505.872 504.12C505.805 503.72 505.772 503.307 505.772 502.88V496.92H504.232L504.332 495.66L505.852 495.6L505.972 493.24L507.552 492.9V495.6H510.212L510.132 496.92H507.552V502.68C507.552 503 507.585 503.32 507.652 503.64C507.732 503.947 507.879 504.2 508.092 504.4C508.319 504.6 508.645 504.7 509.072 504.7C509.285 504.7 509.485 504.687 509.672 504.66C509.872 504.62 510.045 504.58 510.192 504.54L510.252 505.9C510.039 505.98 509.759 506.053 509.412 506.12C509.065 506.187 508.725 506.22 508.392 506.22Z" fill="black" style="fill:black;fill-opacity:1;"/>
<path d="M252 364.5C251.172 364.5 250.5 365.172 250.5 366C250.5 366.828 251.172 367.5 252 367.5V366V364.5ZM352.061 234.561C352.646 233.975 352.646 233.025 352.061 232.439L342.515 222.893C341.929 222.308 340.979 222.308 340.393 222.893C339.808 223.479 339.808 224.429 340.393 225.015L348.879 233.5L340.393 241.985C339.808 242.571 339.808 243.521 340.393 244.107C340.979 244.692 341.929 244.692 342.515 244.107L352.061 234.561ZM252 366V367.5H275V366V364.5H252V366ZM299 342H300.5V257.5H299H297.5V342H299ZM323 233.5V235H351V233.5V232H323V233.5ZM299 257.5H300.5C300.5 245.074 310.574 235 323 235V233.5V232C308.917 232 297.5 243.417 297.5 257.5H299ZM275 366V367.5C289.083 367.5 300.5 356.083 300.5 342H299H297.5C297.5 354.426 287.426 364.5 275 364.5V366Z" fill="#B3B3B3" style="fill:#B3B3B3;fill:color(display-p3 0.7020 0.7020 0.7020);fill-opacity:1;"/>
<path d="M252 364.5C251.172 364.5 250.5 365.172 250.5 366C250.5 366.828 251.172 367.5 252 367.5V366V364.5ZM352.061 322.561C352.646 321.975 352.646 321.025 352.061 320.439L342.515 310.893C341.929 310.308 340.979 310.308 340.393 310.893C339.808 311.479 339.808 312.429 340.393 313.015L348.879 321.5L340.393 329.985C339.808 330.571 339.808 331.521 340.393 332.107C340.979 332.692 341.929 332.692 342.515 332.107L352.061 322.561ZM252 366V367.5H276.75V366V364.5H252V366ZM321.25 321.5V323H351V321.5V320H321.25V321.5ZM299 343.75H300.5C300.5 332.29 309.79 323 321.25 323V321.5V320C308.133 320 297.5 330.633 297.5 343.75H299ZM276.75 366V367.5C289.867 367.5 300.5 356.867 300.5 343.75H299H297.5C297.5 355.21 288.21 364.5 276.75 364.5V366Z" fill="#B3B3B3" style="fill:#B3B3B3;fill:color(display-p3 0.7020 0.7020 0.7020);fill-opacity:1;"/>
<path d="M252 364.5C251.172 364.5 250.5 365.172 250.5 366C250.5 366.828 251.172 367.5 252 367.5V366V364.5ZM352.061 410.561C352.646 409.975 352.646 409.025 352.061 408.439L342.515 398.893C341.929 398.308 340.979 398.308 340.393 398.893C339.808 399.479 339.808 400.429 340.393 401.015L348.879 409.5L340.393 417.985C339.808 418.571 339.808 419.521 340.393 420.107C340.979 420.692 341.929 420.692 342.515 420.107L352.061 410.561ZM252 366V367.5H277.25V366V364.5H252V366ZM320.75 409.5V411H351V409.5V408H320.75V409.5ZM299 387.75H297.5C297.5 400.591 307.909 411 320.75 411V409.5V408C309.566 408 300.5 398.934 300.5 387.75H299ZM277.25 366V367.5C288.434 367.5 297.5 376.566 297.5 387.75H299H300.5C300.5 374.909 290.091 364.5 277.25 364.5V366Z" fill="#B3B3B3" style="fill:#B3B3B3;fill:color(display-p3 0.7020 0.7020 0.7020);fill-opacity:1;"/>
<path d="M252 364.5C251.172 364.5 250.5 365.172 250.5 366C250.5 366.828 251.172 367.5 252 367.5V366V364.5ZM352.061 498.561C352.646 497.975 352.646 497.025 352.061 496.439L342.515 486.893C341.929 486.308 340.979 486.308 340.393 486.893C339.808 487.479 339.808 488.429 340.393 489.015L348.879 497.5L340.393 505.985C339.808 506.571 339.808 507.521 340.393 508.107C340.979 508.692 341.929 508.692 342.515 508.107L352.061 498.561ZM252 366V367.5H275V366V364.5H252V366ZM299 390H297.5V473.5H299H300.5V390H299ZM323 497.5V499H351V497.5V496H323V497.5ZM299 473.5H297.5C297.5 487.583 308.917 499 323 499V497.5V496C310.574 496 300.5 485.926 300.5 473.5H299ZM275 366V367.5C287.426 367.5 297.5 377.574 297.5 390H299H300.5C300.5 375.917 289.083 364.5 275 364.5V366Z" fill="#B3B3B3" style="fill:#B3B3B3;fill:color(display-p3 0.7020 0.7020 0.7020);fill-opacity:1;"/>
<path d="M456.5 528C456.5 527.172 455.828 526.5 455 526.5C454.172 526.5 453.5 527.172 453.5 528H455H456.5ZM340.439 600.061C341.025 600.646 341.975 600.646 342.561 600.061L352.107 590.515C352.692 589.929 352.692 588.979 352.107 588.393C351.521 587.808 350.571 587.808 349.985 588.393L341.5 596.879L333.015 588.393C332.429 587.808 331.479 587.808 330.893 588.393C330.308 588.979 330.308 589.929 330.893 590.515L340.439 600.061ZM455 528H453.5V531H455H456.5V528H455ZM431 555V553.5H365.5V555V556.5H431V555ZM341.5 579H340V599H341.5H343V579H341.5ZM365.5 555V553.5C351.417 553.5 340 564.917 340 579H341.5H343C343 566.574 353.074 556.5 365.5 556.5V555ZM455 531H453.5C453.5 543.426 443.426 553.5 431 553.5V555V556.5C445.083 556.5 456.5 545.083 456.5 531H455Z" fill="#B3B3B3" style="fill:#B3B3B3;fill:color(display-p3 0.7020 0.7020 0.7020);fill-opacity:1;"/>
<path d="M456.5 528C456.5 527.172 455.828 526.5 455 526.5C454.172 526.5 453.5 527.172 453.5 528H455H456.5ZM567.439 600.061C568.025 600.646 568.975 600.646 569.561 600.061L579.107 590.515C579.692 589.929 579.692 588.979 579.107 588.393C578.521 587.808 577.571 587.808 576.985 588.393L568.5 596.879L560.015 588.393C559.429 587.808 558.479 587.808 557.893 588.393C557.308 588.979 557.308 589.929 557.893 590.515L567.439 600.061ZM455 528H453.5V531H455H456.5V528H455ZM479 555V556.5H544.5V555V553.5H479V555ZM568.5 579H567V599H568.5H570V579H568.5ZM544.5 555V556.5C556.926 556.5 567 566.574 567 579H568.5H570C570 564.917 558.583 553.5 544.5 553.5V555ZM455 531H453.5C453.5 545.083 464.917 556.5 479 556.5V555V553.5C466.574 553.5 456.5 543.426 456.5 531H455Z" fill="#B3B3B3" style="fill:#B3B3B3;fill:color(display-p3 0.7020 0.7020 0.7020);fill-opacity:1;"/>
<rect x="990.75" y="57.75" width="247.5" height="51.5" rx="4.25" fill="white" style="fill:white;fill-opacity:1;"/>
<rect x="990.75" y="57.75" width="247.5" height="51.5" rx="4.25" stroke="#DBDBDB" style="stroke:#DBDBDB;stroke:color(display-p3 0.8588 0.8588 0.8588);stroke-opacity:1;" stroke-width="1.5"/>
<path d="M1010.64 92.24C1009.92 92.24 1009.21 92.1533 1008.52 91.98C1007.84 91.8067 1007.28 91.6267 1006.84 91.44L1007.18 90C1007.62 90.1733 1008.15 90.34 1008.76 90.5C1009.39 90.6467 1009.99 90.72 1010.58 90.72C1011.21 90.72 1011.75 90.62 1012.22 90.42C1012.7 90.2067 1013.08 89.9067 1013.36 89.52C1013.64 89.1333 1013.78 88.6733 1013.78 88.14C1013.78 87.6067 1013.62 87.1667 1013.3 86.82C1012.99 86.4733 1012.59 86.1733 1012.1 85.92C1011.61 85.6667 1011.09 85.42 1010.54 85.18C1010.1 84.98 1009.67 84.7667 1009.24 84.54C1008.83 84.3133 1008.45 84.0467 1008.1 83.74C1007.75 83.4333 1007.47 83.0733 1007.26 82.66C1007.06 82.2333 1006.96 81.7333 1006.96 81.16C1006.96 80.3067 1007.17 79.5867 1007.6 79C1008.04 78.4133 1008.62 77.9667 1009.34 77.66C1010.06 77.3533 1010.85 77.2 1011.72 77.2C1012.37 77.2 1012.98 77.2733 1013.54 77.42C1014.11 77.5667 1014.59 77.72 1014.96 77.88L1014.66 79.32C1014.34 79.1867 1013.92 79.0533 1013.4 78.92C1012.88 78.7867 1012.34 78.72 1011.78 78.72C1010.87 78.72 1010.15 78.94 1009.6 79.38C1009.07 79.8067 1008.8 80.3733 1008.8 81.08C1008.8 81.5867 1008.95 82.0067 1009.24 82.34C1009.55 82.6733 1009.94 82.9667 1010.42 83.22C1010.9 83.46 1011.41 83.7 1011.94 83.94C1012.38 84.14 1012.81 84.3533 1013.24 84.58C1013.68 84.8067 1014.08 85.0733 1014.44 85.38C1014.8 85.6867 1015.08 86.06 1015.28 86.5C1015.49 86.9267 1015.6 87.4333 1015.6 88.02C1015.6 88.86 1015.39 89.6 1014.98 90.24C1014.58 90.8667 1014.01 91.36 1013.26 91.72C1012.51 92.0667 1011.64 92.24 1010.64 92.24ZM1022.35 92.22C1021.21 92.22 1020.27 91.9933 1019.51 91.54C1018.76 91.0733 1018.2 90.44 1017.83 89.64C1017.45 88.8267 1017.27 87.8933 1017.27 86.84C1017.27 86.0667 1017.37 85.3533 1017.59 84.7C1017.8 84.0467 1018.11 83.4733 1018.51 82.98C1018.92 82.4733 1019.42 82.08 1020.01 81.8C1020.59 81.52 1021.27 81.38 1022.03 81.38C1022.81 81.38 1023.48 81.5267 1024.03 81.82C1024.57 82.1 1025.01 82.5 1025.33 83.02C1025.65 83.5267 1025.86 84.1267 1025.97 84.82C1026.09 85.5133 1026.1 86.2733 1026.01 87.1H1018.27L1019.17 86.42C1019.02 87.2867 1019.05 88.0533 1019.25 88.72C1019.46 89.3733 1019.84 89.8933 1020.39 90.28C1020.95 90.6533 1021.67 90.84 1022.57 90.84C1023.14 90.84 1023.67 90.78 1024.17 90.66C1024.67 90.54 1025.09 90.42 1025.41 90.3L1025.63 91.56C1025.23 91.7333 1024.73 91.8867 1024.15 92.02C1023.56 92.1533 1022.96 92.22 1022.35 92.22ZM1018.29 86.06H1024.43C1024.44 85.9933 1024.45 85.9333 1024.45 85.88C1024.45 85.8267 1024.45 85.78 1024.45 85.74C1024.45 85.1133 1024.35 84.5733 1024.17 84.12C1023.98 83.6533 1023.71 83.2933 1023.35 83.04C1022.99 82.7867 1022.53 82.66 1021.97 82.66C1021.31 82.66 1020.76 82.8467 1020.31 83.22C1019.87 83.58 1019.54 84.06 1019.33 84.66C1019.11 85.26 1019.03 85.8933 1019.07 86.56L1018.29 86.06ZM1028.28 77.04L1030.08 76.98V92H1028.28V77.04ZM1037.37 92.22C1036.23 92.22 1035.29 91.9933 1034.53 91.54C1033.78 91.0733 1033.22 90.44 1032.85 89.64C1032.47 88.8267 1032.29 87.8933 1032.29 86.84C1032.29 86.0667 1032.39 85.3533 1032.61 84.7C1032.82 84.0467 1033.13 83.4733 1033.53 82.98C1033.94 82.4733 1034.44 82.08 1035.03 81.8C1035.61 81.52 1036.29 81.38 1037.05 81.38C1037.83 81.38 1038.5 81.5267 1039.05 81.82C1039.59 82.1 1040.03 82.5 1040.35 83.02C1040.67 83.5267 1040.88 84.1267 1040.99 84.82C1041.11 85.5133 1041.12 86.2733 1041.03 87.1H1033.29L1034.19 86.42C1034.04 87.2867 1034.07 88.0533 1034.27 88.72C1034.48 89.3733 1034.86 89.8933 1035.41 90.28C1035.97 90.6533 1036.69 90.84 1037.59 90.84C1038.16 90.84 1038.69 90.78 1039.19 90.66C1039.69 90.54 1040.11 90.42 1040.43 90.3L1040.65 91.56C1040.25 91.7333 1039.75 91.8867 1039.17 92.02C1038.58 92.1533 1037.98 92.22 1037.37 92.22ZM1033.31 86.06H1039.45C1039.46 85.9933 1039.47 85.9333 1039.47 85.88C1039.47 85.8267 1039.47 85.78 1039.47 85.74C1039.47 85.1133 1039.37 84.5733 1039.19 84.12C1039 83.6533 1038.73 83.2933 1038.37 83.04C1038.01 82.7867 1037.55 82.66 1036.99 82.66C1036.33 82.66 1035.78 82.8467 1035.33 83.22C1034.89 83.58 1034.56 84.06 1034.35 84.66C1034.13 85.26 1034.05 85.8933 1034.09 86.56L1033.31 86.06ZM1047.82 92.22C1046.77 92.22 1045.85 92.0067 1045.08 91.58C1044.32 91.14 1043.73 90.52 1043.3 89.72C1042.89 88.9067 1042.68 87.94 1042.68 86.82C1042.68 85.74 1042.89 84.7933 1043.3 83.98C1043.73 83.1667 1044.33 82.5333 1045.1 82.08C1045.89 81.6267 1046.83 81.4 1047.94 81.4C1048.41 81.4 1048.89 81.4467 1049.4 81.54C1049.91 81.6333 1050.36 81.7733 1050.76 81.96L1050.54 83.3C1050.22 83.1533 1049.83 83.0333 1049.38 82.94C1048.94 82.8467 1048.49 82.8 1048.02 82.8C1047.26 82.8 1046.61 82.9733 1046.08 83.32C1045.56 83.6533 1045.17 84.12 1044.9 84.72C1044.63 85.32 1044.5 86.0067 1044.5 86.78C1044.5 87.6067 1044.65 88.32 1044.94 88.92C1045.25 89.52 1045.67 89.98 1046.22 90.3C1046.77 90.62 1047.41 90.78 1048.14 90.78C1048.67 90.78 1049.17 90.7267 1049.62 90.62C1050.09 90.5 1050.45 90.3933 1050.72 90.3L1050.9 91.62C1050.57 91.7667 1050.11 91.9 1049.52 92.02C1048.95 92.1533 1048.38 92.22 1047.82 92.22ZM1056.09 92.22C1055.53 92.22 1055.07 92.1267 1054.71 91.94C1054.36 91.7533 1054.1 91.5067 1053.93 91.2C1053.75 90.88 1053.63 90.52 1053.57 90.12C1053.5 89.72 1053.47 89.3067 1053.47 88.88V82.92H1051.93L1052.03 81.66L1053.55 81.6L1053.67 79.24L1055.25 78.9V81.6H1057.91L1057.83 82.92H1055.25V88.68C1055.25 89 1055.28 89.32 1055.35 89.64C1055.43 89.9467 1055.57 90.2 1055.79 90.4C1056.01 90.6 1056.34 90.7 1056.77 90.7C1056.98 90.7 1057.18 90.6867 1057.37 90.66C1057.57 90.62 1057.74 90.58 1057.89 90.54L1057.95 91.9C1057.73 91.98 1057.45 92.0533 1057.11 92.12C1056.76 92.1867 1056.42 92.22 1056.09 92.22ZM1068.15 92.22C1067.32 92.22 1066.59 92 1065.97 91.56C1065.35 91.1067 1064.87 90.48 1064.51 89.68C1064.16 88.8667 1063.99 87.94 1063.99 86.9C1063.99 85.8067 1064.17 84.8533 1064.53 84.04C1064.89 83.2133 1065.39 82.5667 1066.05 82.1C1066.7 81.62 1067.45 81.38 1068.31 81.38C1068.92 81.38 1069.48 81.5067 1069.99 81.76C1070.49 82 1070.9 82.2867 1071.21 82.62H1071.25V77.04L1073.03 76.98V89.36C1073.03 89.6133 1073.03 89.9 1073.03 90.22C1073.04 90.54 1073.05 90.8533 1073.05 91.16C1073.06 91.4667 1073.07 91.7467 1073.09 92H1071.79L1071.41 90.5H1071.37C1071.03 90.98 1070.59 91.3867 1070.05 91.72C1069.51 92.0533 1068.88 92.22 1068.15 92.22ZM1068.65 90.78C1069.31 90.78 1069.87 90.5933 1070.33 90.22C1070.78 89.8333 1071.09 89.4 1071.25 88.92V83.94C1070.95 83.62 1070.59 83.3533 1070.17 83.14C1069.75 82.9267 1069.3 82.82 1068.81 82.82C1068.17 82.82 1067.62 83.0067 1067.17 83.38C1066.73 83.74 1066.39 84.2267 1066.15 84.84C1065.92 85.4533 1065.81 86.1333 1065.81 86.88C1065.81 87.6133 1065.92 88.28 1066.15 88.88C1066.37 89.4667 1066.7 89.9333 1067.13 90.28C1067.55 90.6133 1068.06 90.78 1068.65 90.78ZM1078.24 92.22C1077.62 92.22 1077.08 92.0933 1076.62 91.84C1076.16 91.5867 1075.81 91.24 1075.56 90.8C1075.3 90.36 1075.18 89.8533 1075.18 89.28C1075.18 88.68 1075.29 88.1933 1075.52 87.82C1075.76 87.4467 1076.07 87.16 1076.46 86.96C1076.86 86.76 1077.3 86.6267 1077.78 86.56C1078.26 86.48 1078.74 86.44 1079.24 86.44H1081.44V85.18C1081.44 84.8467 1081.41 84.54 1081.36 84.26C1081.32 83.9667 1081.22 83.7133 1081.08 83.5C1080.94 83.2733 1080.73 83.1 1080.44 82.98C1080.14 82.8467 1079.74 82.78 1079.24 82.78C1078.69 82.78 1078.15 82.8467 1077.62 82.98C1077.1 83.1133 1076.62 83.2733 1076.18 83.46L1075.88 82.18C1076.24 82.02 1076.62 81.88 1077.02 81.76C1077.43 81.64 1077.85 81.5467 1078.28 81.48C1078.72 81.4133 1079.13 81.38 1079.52 81.38C1080.32 81.38 1080.96 81.48 1081.46 81.68C1081.95 81.8667 1082.32 82.1333 1082.58 82.48C1082.83 82.8133 1083 83.2067 1083.08 83.66C1083.17 84.1133 1083.22 84.6 1083.22 85.12V89.44C1083.22 89.8267 1083.22 90.26 1083.24 90.74C1083.26 91.2067 1083.28 91.6267 1083.3 92H1081.98L1081.62 90.4H1081.58C1081.24 90.9333 1080.78 91.3733 1080.2 91.72C1079.62 92.0533 1078.97 92.22 1078.24 92.22ZM1078.8 90.96C1079.4 90.96 1079.95 90.8 1080.46 90.48C1080.98 90.1467 1081.32 89.7133 1081.48 89.18V87.46H1079.48C1079.21 87.46 1078.92 87.4733 1078.62 87.5C1078.32 87.5267 1078.04 87.5933 1077.78 87.7C1077.51 87.7933 1077.3 87.96 1077.14 88.2C1076.98 88.44 1076.9 88.7667 1076.9 89.18C1076.9 89.74 1077.07 90.18 1077.42 90.5C1077.76 90.8067 1078.22 90.96 1078.8 90.96ZM1088.83 91.82L1089.43 90.66L1092.35 81.6H1094.25L1088.65 96.48H1086.77L1088.83 91.82ZM1084.81 81.6H1086.73L1089.51 90.34H1089.95L1089.81 91.96H1088.61L1084.81 81.6ZM1102.91 92.22C1102.29 92.22 1101.75 92.0933 1101.29 91.84C1100.83 91.5867 1100.48 91.24 1100.23 90.8C1099.97 90.36 1099.85 89.8533 1099.85 89.28C1099.85 88.68 1099.96 88.1933 1100.19 87.82C1100.43 87.4467 1100.74 87.16 1101.13 86.96C1101.53 86.76 1101.97 86.6267 1102.45 86.56C1102.93 86.48 1103.41 86.44 1103.91 86.44H1106.11V85.18C1106.11 84.8467 1106.08 84.54 1106.03 84.26C1105.99 83.9667 1105.89 83.7133 1105.75 83.5C1105.61 83.2733 1105.4 83.1 1105.11 82.98C1104.81 82.8467 1104.41 82.78 1103.91 82.78C1103.36 82.78 1102.82 82.8467 1102.29 82.98C1101.77 83.1133 1101.29 83.2733 1100.85 83.46L1100.55 82.18C1100.91 82.02 1101.29 81.88 1101.69 81.76C1102.1 81.64 1102.52 81.5467 1102.95 81.48C1103.39 81.4133 1103.8 81.38 1104.19 81.38C1104.99 81.38 1105.63 81.48 1106.13 81.68C1106.62 81.8667 1106.99 82.1333 1107.25 82.48C1107.5 82.8133 1107.67 83.2067 1107.75 83.66C1107.84 84.1133 1107.89 84.6 1107.89 85.12V89.44C1107.89 89.8267 1107.89 90.26 1107.91 90.74C1107.93 91.2067 1107.95 91.6267 1107.97 92H1106.65L1106.29 90.4H1106.25C1105.91 90.9333 1105.45 91.3733 1104.87 91.72C1104.29 92.0533 1103.64 92.22 1102.91 92.22ZM1103.47 90.96C1104.07 90.96 1104.62 90.8 1105.13 90.48C1105.65 90.1467 1105.99 89.7133 1106.15 89.18V87.46H1104.15C1103.88 87.46 1103.59 87.4733 1103.29 87.5C1102.99 87.5267 1102.71 87.5933 1102.45 87.7C1102.18 87.7933 1101.97 87.96 1101.81 88.2C1101.65 88.44 1101.57 88.7667 1101.57 89.18C1101.57 89.74 1101.74 90.18 1102.09 90.5C1102.43 90.8067 1102.89 90.96 1103.47 90.96ZM1110.64 84.5C1110.64 83.9267 1110.64 83.4067 1110.62 82.94C1110.62 82.4733 1110.62 82.0267 1110.6 81.6L1112.18 81.54L1112.28 83.1H1112.34C1112.58 82.86 1112.88 82.6067 1113.22 82.34C1113.58 82.0733 1113.99 81.8467 1114.44 81.66C1114.91 81.4733 1115.42 81.38 1115.96 81.38C1116.4 81.38 1116.82 81.46 1117.22 81.62C1117.64 81.78 1118 82.0267 1118.3 82.36C1118.61 82.6933 1118.86 83.1267 1119.04 83.66C1119.23 84.18 1119.32 84.8133 1119.32 85.56V92H1117.52V85.64C1117.52 85.0933 1117.46 84.64 1117.32 84.28C1117.19 83.92 1117.01 83.6333 1116.78 83.42C1116.57 83.2067 1116.33 83.06 1116.06 82.98C1115.81 82.8867 1115.56 82.84 1115.3 82.84C1114.88 82.84 1114.48 82.92 1114.12 83.08C1113.76 83.24 1113.44 83.44 1113.16 83.68C1112.88 83.9067 1112.64 84.1267 1112.44 84.34V92H1110.64V84.5ZM1125.65 92.22C1124.82 92.22 1124.09 92 1123.47 91.56C1122.85 91.1067 1122.37 90.48 1122.01 89.68C1121.66 88.8667 1121.49 87.94 1121.49 86.9C1121.49 85.8067 1121.67 84.8533 1122.03 84.04C1122.39 83.2133 1122.89 82.5667 1123.55 82.1C1124.2 81.62 1124.95 81.38 1125.81 81.38C1126.42 81.38 1126.98 81.5067 1127.49 81.76C1127.99 82 1128.4 82.2867 1128.71 82.62H1128.75V77.04L1130.53 76.98V89.36C1130.53 89.6133 1130.53 89.9 1130.53 90.22C1130.54 90.54 1130.55 90.8533 1130.55 91.16C1130.56 91.4667 1130.57 91.7467 1130.59 92H1129.29L1128.91 90.5H1128.87C1128.53 90.98 1128.09 91.3867 1127.55 91.72C1127.01 92.0533 1126.38 92.22 1125.65 92.22ZM1126.15 90.78C1126.81 90.78 1127.37 90.5933 1127.83 90.22C1128.28 89.8333 1128.59 89.4 1128.75 88.92V83.94C1128.45 83.62 1128.09 83.3533 1127.67 83.14C1127.25 82.9267 1126.8 82.82 1126.31 82.82C1125.67 82.82 1125.12 83.0067 1124.67 83.38C1124.23 83.74 1123.89 84.2267 1123.65 84.84C1123.42 85.4533 1123.31 86.1333 1123.31 86.88C1123.31 87.6133 1123.42 88.28 1123.65 88.88C1123.87 89.4667 1124.2 89.9333 1124.63 90.28C1125.05 90.6133 1125.56 90.78 1126.15 90.78ZM1137.97 84.36C1137.97 83.8533 1137.96 83.3867 1137.95 82.96C1137.95 82.52 1137.94 82.0667 1137.93 81.6L1139.49 81.54L1139.59 83.1H1139.67C1139.91 82.8467 1140.19 82.5867 1140.53 82.32C1140.86 82.0533 1141.24 81.8333 1141.67 81.66C1142.09 81.4733 1142.57 81.38 1143.09 81.38C1143.67 81.38 1144.21 81.52 1144.71 81.8C1145.21 82.08 1145.59 82.54 1145.83 83.18H1145.87C1146.15 82.9 1146.46 82.6267 1146.81 82.36C1147.17 82.08 1147.57 81.8467 1148.01 81.66C1148.45 81.4733 1148.93 81.38 1149.45 81.38C1149.91 81.38 1150.34 81.46 1150.73 81.62C1151.11 81.78 1151.45 82.02 1151.75 82.34C1152.05 82.66 1152.29 83.0867 1152.45 83.62C1152.62 84.14 1152.71 84.7667 1152.71 85.5V92H1150.93V85.78C1150.93 85.06 1150.83 84.4867 1150.65 84.06C1150.46 83.6333 1150.21 83.3267 1149.91 83.14C1149.6 82.94 1149.24 82.84 1148.83 82.84C1148.41 82.84 1148.03 82.9267 1147.67 83.1C1147.32 83.2733 1147.01 83.4867 1146.73 83.74C1146.45 83.98 1146.21 84.22 1146.03 84.46L1146.13 83.94C1146.17 84.2467 1146.19 84.5333 1146.21 84.8C1146.22 85.0533 1146.23 85.3467 1146.23 85.68V92H1144.47V85.72C1144.47 85.1867 1144.4 84.7067 1144.27 84.28C1144.13 83.84 1143.92 83.4933 1143.63 83.24C1143.35 82.9733 1142.96 82.84 1142.47 82.84C1142.07 82.84 1141.69 82.92 1141.35 83.08C1141.01 83.24 1140.71 83.4333 1140.43 83.66C1140.16 83.8867 1139.93 84.1133 1139.75 84.34V92H1137.97V84.36ZM1159.95 92.22C1158.81 92.22 1157.87 91.9933 1157.11 91.54C1156.36 91.0733 1155.8 90.44 1155.43 89.64C1155.05 88.8267 1154.87 87.8933 1154.87 86.84C1154.87 86.0667 1154.97 85.3533 1155.19 84.7C1155.4 84.0467 1155.71 83.4733 1156.11 82.98C1156.52 82.4733 1157.02 82.08 1157.61 81.8C1158.19 81.52 1158.87 81.38 1159.63 81.38C1160.41 81.38 1161.08 81.5267 1161.63 81.82C1162.17 82.1 1162.61 82.5 1162.93 83.02C1163.25 83.5267 1163.46 84.1267 1163.57 84.82C1163.69 85.5133 1163.7 86.2733 1163.61 87.1H1155.87L1156.77 86.42C1156.62 87.2867 1156.65 88.0533 1156.85 88.72C1157.06 89.3733 1157.44 89.8933 1157.99 90.28C1158.55 90.6533 1159.27 90.84 1160.17 90.84C1160.74 90.84 1161.27 90.78 1161.77 90.66C1162.27 90.54 1162.69 90.42 1163.01 90.3L1163.23 91.56C1162.83 91.7333 1162.33 91.8867 1161.75 92.02C1161.16 92.1533 1160.56 92.22 1159.95 92.22ZM1155.89 86.06H1162.03C1162.04 85.9933 1162.05 85.9333 1162.05 85.88C1162.05 85.8267 1162.05 85.78 1162.05 85.74C1162.05 85.1133 1161.95 84.5733 1161.77 84.12C1161.58 83.6533 1161.31 83.2933 1160.95 83.04C1160.59 82.7867 1160.13 82.66 1159.57 82.66C1158.91 82.66 1158.36 82.8467 1157.91 83.22C1157.47 83.58 1157.14 84.06 1156.93 84.66C1156.71 85.26 1156.63 85.8933 1156.67 86.56L1155.89 86.06ZM1168.28 92.22C1167.66 92.22 1167.12 92.0933 1166.66 91.84C1166.2 91.5867 1165.85 91.24 1165.6 90.8C1165.34 90.36 1165.22 89.8533 1165.22 89.28C1165.22 88.68 1165.33 88.1933 1165.56 87.82C1165.8 87.4467 1166.11 87.16 1166.5 86.96C1166.9 86.76 1167.34 86.6267 1167.82 86.56C1168.3 86.48 1168.78 86.44 1169.28 86.44H1171.48V85.18C1171.48 84.8467 1171.45 84.54 1171.4 84.26C1171.36 83.9667 1171.26 83.7133 1171.12 83.5C1170.98 83.2733 1170.77 83.1 1170.48 82.98C1170.18 82.8467 1169.78 82.78 1169.28 82.78C1168.73 82.78 1168.19 82.8467 1167.66 82.98C1167.14 83.1133 1166.66 83.2733 1166.22 83.46L1165.92 82.18C1166.28 82.02 1166.66 81.88 1167.06 81.76C1167.47 81.64 1167.89 81.5467 1168.32 81.48C1168.76 81.4133 1169.17 81.38 1169.56 81.38C1170.36 81.38 1171 81.48 1171.5 81.68C1171.99 81.8667 1172.36 82.1333 1172.62 82.48C1172.87 82.8133 1173.04 83.2067 1173.12 83.66C1173.21 84.1133 1173.26 84.6 1173.26 85.12V89.44C1173.26 89.8267 1173.26 90.26 1173.28 90.74C1173.3 91.2067 1173.32 91.6267 1173.34 92H1172.02L1171.66 90.4H1171.62C1171.28 90.9333 1170.82 91.3733 1170.24 91.72C1169.66 92.0533 1169.01 92.22 1168.28 92.22ZM1168.84 90.96C1169.44 90.96 1169.99 90.8 1170.5 90.48C1171.02 90.1467 1171.36 89.7133 1171.52 89.18V87.46H1169.52C1169.25 87.46 1168.96 87.4733 1168.66 87.5C1168.36 87.5267 1168.08 87.5933 1167.82 87.7C1167.55 87.7933 1167.34 87.96 1167.18 88.2C1167.02 88.44 1166.94 88.7667 1166.94 89.18C1166.94 89.74 1167.11 90.18 1167.46 90.5C1167.8 90.8067 1168.26 90.96 1168.84 90.96ZM1176.03 77.04L1177.83 76.98V92H1176.03V77.04ZM1188.47 92.22C1187.91 92.22 1187.45 92.1267 1187.09 91.94C1186.74 91.7533 1186.48 91.5067 1186.31 91.2C1186.14 90.88 1186.02 90.52 1185.95 90.12C1185.88 89.72 1185.85 89.3067 1185.85 88.88V82.92H1184.31L1184.41 81.66L1185.93 81.6L1186.05 79.24L1187.63 78.9V81.6H1190.29L1190.21 82.92H1187.63V88.68C1187.63 89 1187.66 89.32 1187.73 89.64C1187.81 89.9467 1187.96 90.2 1188.17 90.4C1188.4 90.6 1188.72 90.7 1189.15 90.7C1189.36 90.7 1189.56 90.6867 1189.75 90.66C1189.95 90.62 1190.12 90.58 1190.27 90.54L1190.33 91.9C1190.12 91.98 1189.84 92.0533 1189.49 92.12C1189.14 92.1867 1188.8 92.22 1188.47 92.22ZM1195.18 91.82L1195.78 90.66L1198.7 81.6H1200.6L1195 96.48H1193.12L1195.18 91.82ZM1191.16 81.6H1193.08L1195.86 90.34H1196.3L1196.16 91.96H1194.96L1191.16 81.6ZM1202.2 84.7C1202.2 84.14 1202.2 83.6 1202.18 83.08C1202.17 82.56 1202.16 82.0667 1202.14 81.6L1203.7 81.54L1203.82 83.14H1203.86C1204.25 82.6733 1204.74 82.2667 1205.32 81.92C1205.92 81.56 1206.58 81.38 1207.28 81.38C1208.12 81.38 1208.84 81.6 1209.42 82.04C1210.02 82.4667 1210.48 83.0733 1210.78 83.86C1211.09 84.6467 1211.24 85.5667 1211.24 86.62C1211.24 87.74 1211.06 88.72 1210.7 89.56C1210.34 90.3867 1209.84 91.04 1209.2 91.52C1208.58 91.9867 1207.86 92.22 1207.04 92.22C1206.58 92.22 1206.14 92.14 1205.74 91.98C1205.36 91.82 1205.02 91.62 1204.72 91.38C1204.44 91.1267 1204.21 90.88 1204.02 90.64H1203.98V96.48H1202.2V84.7ZM1206.6 90.78C1207.24 90.78 1207.77 90.5867 1208.18 90.2C1208.6 89.8133 1208.9 89.3133 1209.1 88.7C1209.3 88.0867 1209.4 87.42 1209.4 86.7C1209.4 85.9133 1209.3 85.2333 1209.08 84.66C1208.88 84.0733 1208.58 83.6267 1208.18 83.32C1207.78 83 1207.28 82.84 1206.68 82.84C1206.31 82.84 1205.95 82.9133 1205.6 83.06C1205.27 83.2067 1204.96 83.4 1204.68 83.64C1204.4 83.8667 1204.18 84.1133 1204 84.38V88.84C1204.1 89.1467 1204.26 89.4533 1204.48 89.76C1204.72 90.0533 1205.02 90.3 1205.38 90.5C1205.74 90.6867 1206.15 90.78 1206.6 90.78ZM1217.9 92.22C1216.76 92.22 1215.82 91.9933 1215.06 91.54C1214.31 91.0733 1213.75 90.44 1213.38 89.64C1213 88.8267 1212.82 87.8933 1212.82 86.84C1212.82 86.0667 1212.92 85.3533 1213.14 84.7C1213.35 84.0467 1213.66 83.4733 1214.06 82.98C1214.47 82.4733 1214.97 82.08 1215.56 81.8C1216.14 81.52 1216.82 81.38 1217.58 81.38C1218.36 81.38 1219.03 81.5267 1219.58 81.82C1220.12 82.1 1220.56 82.5 1220.88 83.02C1221.2 83.5267 1221.41 84.1267 1221.52 84.82C1221.64 85.5133 1221.65 86.2733 1221.56 87.1H1213.82L1214.72 86.42C1214.57 87.2867 1214.6 88.0533 1214.8 88.72C1215.01 89.3733 1215.39 89.8933 1215.94 90.28C1216.5 90.6533 1217.22 90.84 1218.12 90.84C1218.69 90.84 1219.22 90.78 1219.72 90.66C1220.22 90.54 1220.64 90.42 1220.96 90.3L1221.18 91.56C1220.78 91.7333 1220.28 91.8867 1219.7 92.02C1219.11 92.1533 1218.51 92.22 1217.9 92.22ZM1213.84 86.06H1219.98C1219.99 85.9933 1220 85.9333 1220 85.88C1220 85.8267 1220 85.78 1220 85.74C1220 85.1133 1219.9 84.5733 1219.72 84.12C1219.53 83.6533 1219.26 83.2933 1218.9 83.04C1218.54 82.7867 1218.08 82.66 1217.52 82.66C1216.86 82.66 1216.31 82.8467 1215.86 83.22C1215.42 83.58 1215.09 84.06 1214.88 84.66C1214.66 85.26 1214.58 85.8933 1214.62 86.56L1213.84 86.06Z" fill="black" style="fill:black;fill-opacity:1;"/>
<rect x="1323.75" y="110.75" width="101.5" height="51.5" rx="4.25" fill="white" style="fill:white;fill-opacity:1;"/>
<rect x="1323.75" y="110.75" width="101.5" height="51.5" rx="4.25" stroke="#DBDBDB" style="stroke:#DBDBDB;stroke:color(display-p3 0.8588 0.8588 0.8588);stroke-opacity:1;" stroke-width="1.5"/>
<path d="M1346.78 145.22C1345.69 145.22 1344.71 145.047 1343.84 144.7C1342.97 144.353 1342.24 143.853 1341.64 143.2C1341.04 142.547 1340.58 141.767 1340.26 140.86C1339.94 139.94 1339.78 138.927 1339.78 137.82C1339.78 136.713 1339.94 135.7 1340.26 134.78C1340.59 133.847 1341.07 133.04 1341.68 132.36C1342.29 131.68 1343.03 131.153 1343.9 130.78C1344.78 130.393 1345.77 130.2 1346.88 130.2C1347.67 130.2 1348.38 130.28 1349.02 130.44C1349.67 130.587 1350.2 130.74 1350.6 130.9L1350.32 132.38C1349.89 132.22 1349.4 132.073 1348.84 131.94C1348.28 131.793 1347.65 131.72 1346.94 131.72C1346.13 131.72 1345.39 131.867 1344.74 132.16C1344.09 132.453 1343.53 132.867 1343.08 133.4C1342.63 133.933 1342.28 134.573 1342.04 135.32C1341.8 136.053 1341.68 136.86 1341.68 137.74C1341.68 139.007 1341.9 140.087 1342.34 140.98C1342.78 141.86 1343.39 142.533 1344.18 143C1344.97 143.467 1345.87 143.7 1346.88 143.7C1347.37 143.7 1347.82 143.66 1348.22 143.58C1348.63 143.487 1348.97 143.393 1349.24 143.3V138.32L1349.96 139.12H1346.36L1346.46 137.7H1350.94V144.44C1350.63 144.56 1350.26 144.687 1349.82 144.82C1349.38 144.94 1348.9 145.033 1348.38 145.1C1347.86 145.18 1347.33 145.22 1346.78 145.22ZM1357.75 145.22C1357.08 145.22 1356.45 145.107 1355.85 144.88C1355.25 144.64 1354.72 144.293 1354.27 143.84C1353.83 143.387 1353.48 142.82 1353.23 142.14C1352.97 141.46 1352.85 140.68 1352.85 139.8C1352.85 138.92 1352.97 138.14 1353.23 137.46C1353.48 136.78 1353.83 136.213 1354.27 135.76C1354.72 135.307 1355.25 134.967 1355.85 134.74C1356.45 134.5 1357.08 134.38 1357.75 134.38C1358.43 134.38 1359.06 134.5 1359.65 134.74C1360.25 134.967 1360.77 135.307 1361.23 135.76C1361.68 136.213 1362.03 136.78 1362.29 137.46C1362.54 138.14 1362.67 138.92 1362.67 139.8C1362.67 140.68 1362.54 141.46 1362.29 142.14C1362.03 142.82 1361.68 143.387 1361.23 143.84C1360.77 144.293 1360.25 144.64 1359.65 144.88C1359.06 145.107 1358.43 145.22 1357.75 145.22ZM1357.75 143.86C1358.27 143.86 1358.72 143.76 1359.11 143.56C1359.51 143.36 1359.83 143.073 1360.07 142.7C1360.32 142.327 1360.51 141.893 1360.63 141.4C1360.76 140.907 1360.83 140.373 1360.83 139.8C1360.83 139.227 1360.76 138.693 1360.63 138.2C1360.51 137.707 1360.32 137.273 1360.07 136.9C1359.83 136.527 1359.51 136.24 1359.11 136.04C1358.72 135.84 1358.27 135.74 1357.75 135.74C1357.23 135.74 1356.77 135.84 1356.39 136.04C1356 136.24 1355.68 136.527 1355.43 136.9C1355.17 137.273 1354.99 137.707 1354.87 138.2C1354.75 138.693 1354.69 139.227 1354.69 139.8C1354.69 140.373 1354.75 140.907 1354.87 141.4C1354.99 141.893 1355.17 142.327 1355.43 142.7C1355.68 143.073 1356 143.36 1356.39 143.56C1356.77 143.76 1357.23 143.86 1357.75 143.86ZM1374.32 145.22C1373.82 145.22 1373.36 145.14 1372.94 144.98C1372.54 144.807 1372.19 144.587 1371.88 144.32C1371.59 144.04 1371.34 143.753 1371.12 143.46H1371.1L1370.72 145H1369.42C1369.42 144.8 1369.42 144.58 1369.42 144.34C1369.44 144.087 1369.44 143.827 1369.44 143.56C1369.46 143.293 1369.46 143.033 1369.46 142.78C1369.48 142.513 1369.48 142.273 1369.48 142.06V130.04L1371.28 129.98V136.06H1371.3C1371.62 135.647 1372.07 135.267 1372.64 134.92C1373.22 134.56 1373.86 134.38 1374.56 134.38C1375.4 134.38 1376.12 134.6 1376.7 135.04C1377.29 135.467 1377.74 136.073 1378.04 136.86C1378.36 137.647 1378.52 138.567 1378.52 139.62C1378.52 140.74 1378.34 141.72 1377.96 142.56C1377.6 143.387 1377.11 144.04 1376.48 144.52C1375.86 144.987 1375.14 145.22 1374.32 145.22ZM1373.86 143.78C1374.52 143.78 1375.05 143.587 1375.46 143.2C1375.88 142.813 1376.18 142.313 1376.38 141.7C1376.58 141.087 1376.68 140.42 1376.68 139.7C1376.68 138.913 1376.58 138.233 1376.36 137.66C1376.16 137.073 1375.86 136.627 1375.44 136.32C1375.04 136 1374.55 135.84 1373.96 135.84C1373.59 135.84 1373.23 135.913 1372.88 136.06C1372.54 136.207 1372.22 136.4 1371.94 136.64C1371.68 136.867 1371.46 137.113 1371.28 137.38V141.88C1371.39 142.187 1371.56 142.487 1371.78 142.78C1372.02 143.06 1372.32 143.3 1372.66 143.5C1373.02 143.687 1373.42 143.78 1373.86 143.78ZM1383.11 145.22C1382.5 145.22 1381.96 145.093 1381.49 144.84C1381.04 144.587 1380.69 144.24 1380.43 143.8C1380.18 143.36 1380.05 142.853 1380.05 142.28C1380.05 141.68 1380.17 141.193 1380.39 140.82C1380.63 140.447 1380.95 140.16 1381.33 139.96C1381.73 139.76 1382.17 139.627 1382.65 139.56C1383.13 139.48 1383.62 139.44 1384.11 139.44H1386.31V138.18C1386.31 137.847 1386.29 137.54 1386.23 137.26C1386.19 136.967 1386.1 136.713 1385.95 136.5C1385.82 136.273 1385.61 136.1 1385.31 135.98C1385.02 135.847 1384.62 135.78 1384.11 135.78C1383.57 135.78 1383.03 135.847 1382.49 135.98C1381.97 136.113 1381.49 136.273 1381.05 136.46L1380.75 135.18C1381.11 135.02 1381.49 134.88 1381.89 134.76C1382.31 134.64 1382.73 134.547 1383.15 134.48C1383.59 134.413 1384.01 134.38 1384.39 134.38C1385.19 134.38 1385.84 134.48 1386.33 134.68C1386.83 134.867 1387.2 135.133 1387.45 135.48C1387.71 135.813 1387.87 136.207 1387.95 136.66C1388.05 137.113 1388.09 137.6 1388.09 138.12V142.44C1388.09 142.827 1388.1 143.26 1388.11 143.74C1388.14 144.207 1388.16 144.627 1388.17 145H1386.85L1386.49 143.4H1386.45C1386.12 143.933 1385.66 144.373 1385.07 144.72C1384.5 145.053 1383.85 145.22 1383.11 145.22ZM1383.67 143.96C1384.27 143.96 1384.83 143.8 1385.33 143.48C1385.85 143.147 1386.19 142.713 1386.35 142.18V140.46H1384.35C1384.09 140.46 1383.8 140.473 1383.49 140.5C1383.2 140.527 1382.92 140.593 1382.65 140.7C1382.39 140.793 1382.17 140.96 1382.01 141.2C1381.85 141.44 1381.77 141.767 1381.77 142.18C1381.77 142.74 1381.95 143.18 1382.29 143.5C1382.64 143.807 1383.1 143.96 1383.67 143.96ZM1395.39 145.22C1394.34 145.22 1393.42 145.007 1392.65 144.58C1391.89 144.14 1391.3 143.52 1390.87 142.72C1390.46 141.907 1390.25 140.94 1390.25 139.82C1390.25 138.74 1390.46 137.793 1390.87 136.98C1391.3 136.167 1391.9 135.533 1392.67 135.08C1393.46 134.627 1394.4 134.4 1395.51 134.4C1395.98 134.4 1396.46 134.447 1396.97 134.54C1397.48 134.633 1397.93 134.773 1398.33 134.96L1398.11 136.3C1397.79 136.153 1397.4 136.033 1396.95 135.94C1396.51 135.847 1396.06 135.8 1395.59 135.8C1394.83 135.8 1394.18 135.973 1393.65 136.32C1393.13 136.653 1392.74 137.12 1392.47 137.72C1392.2 138.32 1392.07 139.007 1392.07 139.78C1392.07 140.607 1392.22 141.32 1392.51 141.92C1392.82 142.52 1393.24 142.98 1393.79 143.3C1394.34 143.62 1394.98 143.78 1395.71 143.78C1396.24 143.78 1396.74 143.727 1397.19 143.62C1397.66 143.5 1398.02 143.393 1398.29 143.3L1398.47 144.62C1398.14 144.767 1397.68 144.9 1397.09 145.02C1396.52 145.153 1395.95 145.22 1395.39 145.22ZM1400.5 130.04L1402.3 129.98V139.2L1403.8 138.54L1403.14 139.18L1406.38 134.6H1408.52L1404.36 139.62L1404.38 138.64L1409.1 145H1406.86L1403.14 139.42L1403.98 139.9L1402.3 140.64V145H1400.5V130.04Z" fill="black" style="fill:black;fill-opacity:1;"/>
<path d="M829 8L904 83L829 158L754 83L829 8Z" fill="#329A93" style="fill:#329A93;fill:color(display-p3 0.1976 0.6049 0.5760);fill-opacity:1;"/>
<path d="M813.472 88.16H807.652L806.652 91H804.272L809.252 77.08H811.892L816.872 91H814.472L813.472 88.16ZM812.832 86.3L810.572 79.84L808.292 86.3H812.832ZM818.277 85.44C818.277 84.3333 818.504 83.3533 818.957 82.5C819.424 81.6467 820.05 80.9867 820.837 80.52C821.637 80.04 822.524 79.8 823.497 79.8C824.217 79.8 824.924 79.96 825.617 80.28C826.324 80.5867 826.884 81 827.297 81.52V76.2H829.597V91H827.297V89.34C826.924 89.8733 826.404 90.3133 825.737 90.66C825.084 91.0067 824.33 91.18 823.477 91.18C822.517 91.18 821.637 90.94 820.837 90.46C820.05 89.9667 819.424 89.2867 818.957 88.42C818.504 87.54 818.277 86.5467 818.277 85.44ZM827.297 85.48C827.297 84.72 827.137 84.06 826.817 83.5C826.51 82.94 826.104 82.5133 825.597 82.22C825.09 81.9267 824.544 81.78 823.957 81.78C823.37 81.78 822.824 81.9267 822.317 82.22C821.81 82.5 821.397 82.92 821.077 83.48C820.77 84.0267 820.617 84.68 820.617 85.44C820.617 86.2 820.77 86.8667 821.077 87.44C821.397 88.0133 821.81 88.4533 822.317 88.76C822.837 89.0533 823.384 89.2 823.957 89.2C824.544 89.2 825.09 89.0533 825.597 88.76C826.104 88.4667 826.51 88.04 826.817 87.48C827.137 86.9067 827.297 86.24 827.297 85.48ZM831.832 85.44C831.832 84.3333 832.058 83.3533 832.512 82.5C832.978 81.6467 833.605 80.9867 834.392 80.52C835.192 80.04 836.078 79.8 837.052 79.8C837.772 79.8 838.478 79.96 839.172 80.28C839.878 80.5867 840.438 81 840.852 81.52V76.2H843.152V91H840.852V89.34C840.478 89.8733 839.958 90.3133 839.292 90.66C838.638 91.0067 837.885 91.18 837.032 91.18C836.072 91.18 835.192 90.94 834.392 90.46C833.605 89.9667 832.978 89.2867 832.512 88.42C832.058 87.54 831.832 86.5467 831.832 85.44ZM840.852 85.48C840.852 84.72 840.692 84.06 840.372 83.5C840.065 82.94 839.658 82.5133 839.152 82.22C838.645 81.9267 838.098 81.78 837.512 81.78C836.925 81.78 836.378 81.9267 835.872 82.22C835.365 82.5 834.952 82.92 834.632 83.48C834.325 84.0267 834.172 84.68 834.172 85.44C834.172 86.2 834.325 86.8667 834.632 87.44C834.952 88.0133 835.365 88.4533 835.872 88.76C836.392 89.0533 836.938 89.2 837.512 89.2C838.098 89.2 838.645 89.0533 839.152 88.76C839.658 88.4667 840.065 88.04 840.372 87.48C840.692 86.9067 840.852 86.24 840.852 85.48ZM849.886 76.9C851.246 76.9 852.333 77.2733 853.146 78.02C853.973 78.7667 854.386 79.7867 854.386 81.08C854.386 82.4267 853.96 83.44 853.106 84.12C852.253 84.8 851.12 85.14 849.706 85.14L849.626 86.72H847.646L847.546 83.58H848.206C849.5 83.58 850.486 83.4067 851.166 83.06C851.86 82.7133 852.206 82.0533 852.206 81.08C852.206 80.3733 852 79.82 851.586 79.42C851.186 79.02 850.626 78.82 849.906 78.82C849.186 78.82 848.62 79.0133 848.206 79.4C847.793 79.7867 847.586 80.3267 847.586 81.02H845.446C845.446 80.22 845.626 79.5067 845.986 78.88C846.346 78.2533 846.86 77.7667 847.526 77.42C848.206 77.0733 848.993 76.9 849.886 76.9ZM848.606 91.14C848.193 91.14 847.846 91 847.566 90.72C847.286 90.44 847.146 90.0933 847.146 89.68C847.146 89.2667 847.286 88.92 847.566 88.64C847.846 88.36 848.193 88.22 848.606 88.22C849.006 88.22 849.346 88.36 849.626 88.64C849.906 88.92 850.046 89.2667 850.046 89.68C850.046 90.0933 849.906 90.44 849.626 90.72C849.346 91 849.006 91.14 848.606 91.14Z" fill="white" style="fill:white;fill-opacity:1;"/>
<rect x="559.75" y="46.75" width="91.5" height="71.5" rx="4.25" fill="white" style="fill:white;fill-opacity:1;"/>
<rect x="559.75" y="46.75" width="91.5" height="71.5" rx="4.25" stroke="#DBDBDB" style="stroke:#DBDBDB;stroke:color(display-p3 0.8588 0.8588 0.8588);stroke-opacity:1;" stroke-width="1.5"/>
<g filter="url(#filter0_d_979_48202)">
<circle cx="606" cy="83" r="20" fill="white" style="fill:white;fill-opacity:1;"/>
</g>
<g clip-path="url(#clip0_979_48202)">
<path d="M606 63C594.972 63 586 71.9721 586 83C586 94.0279 594.972 103 606 103C617.028 103 626 94.0279 626 83C626 71.9721 617.028 63 606 63ZM613.692 84.5385H607.538V90.6923C607.538 91.1003 607.376 91.4916 607.088 91.7802C606.799 92.0687 606.408 92.2308 606 92.2308C605.592 92.2308 605.201 92.0687 604.912 91.7802C604.624 91.4916 604.462 91.1003 604.462 90.6923V84.5385H598.308C597.9 84.5385 597.508 84.3764 597.22 84.0879C596.931 83.7993 596.769 83.408 596.769 83C596.769 82.592 596.931 82.2007 597.22 81.9121C597.508 81.6236 597.9 81.4615 598.308 81.4615H604.462V75.3077C604.462 74.8997 604.624 74.5084 604.912 74.2198C605.201 73.9313 605.592 73.7692 606 73.7692C606.408 73.7692 606.799 73.9313 607.088 74.2198C607.376 74.5084 607.538 74.8997 607.538 75.3077V81.4615H613.692C614.1 81.4615 614.492 81.6236 614.78 81.9121C615.069 82.2007 615.231 82.592 615.231 83C615.231 83.408 615.069 83.7993 614.78 84.0879C614.492 84.3764 614.1 84.5385 613.692 84.5385Z" fill="#425EF4" style="fill:#425EF4;fill:color(display-p3 0.2588 0.3705 0.9569);fill-opacity:1;"/>
</g>
<path d="M656 81.5C655.172 81.5 654.5 82.1716 654.5 83C654.5 83.8284 655.172 84.5 656 84.5V83V81.5ZM751.061 84.0607C751.646 83.4749 751.646 82.5251 751.061 81.9393L741.515 72.3934C740.929 71.8076 739.979 71.8076 739.393 72.3934C738.808 72.9792 738.808 73.9289 739.393 74.5147L747.879 83L739.393 91.4853C738.808 92.0711 738.808 93.0208 739.393 93.6066C739.979 94.1924 740.929 94.1924 741.515 93.6066L751.061 84.0607ZM656 83V84.5H750V83V81.5H656V83Z" fill="#B3B3B3" style="fill:#B3B3B3;fill:color(display-p3 0.7020 0.7020 0.7020);fill-opacity:1;"/>
<path d="M908 82C907.172 82 906.5 82.6716 906.5 83.5C906.5 84.3284 907.172 85 908 85V83.5V82ZM987.061 84.5607C987.646 83.9749 987.646 83.0251 987.061 82.4393L977.515 72.8934C976.929 72.3076 975.979 72.3076 975.393 72.8934C974.808 73.4792 974.808 74.4289 975.393 75.0147L983.879 83.5L975.393 91.9853C974.808 92.5711 974.808 93.5208 975.393 94.1066C975.979 94.6924 976.929 94.6924 977.515 94.1066L987.061 84.5607ZM908 83.5V85H986V83.5V82H908V83.5Z" fill="#B3B3B3" style="fill:#B3B3B3;fill:color(display-p3 0.7020 0.7020 0.7020);fill-opacity:1;"/>
<rect x="1323.5" y="0.5" width="248" height="56" rx="4.5" fill="#461774" style="fill:#461774;fill:color(display-p3 0.2730 0.0910 0.4549);fill-opacity:1;"/>
<rect x="1323.5" y="0.5" width="248" height="56" rx="4.5" stroke="white" style="stroke:white;stroke-opacity:1;"/>
<path d="M1339.81 28.322C1339.81 26.826 1340.16 25.484 1340.85 24.296C1341.55 23.108 1342.5 22.184 1343.69 21.524C1344.89 20.8493 1346.2 20.512 1347.62 20.512C1349.25 20.512 1350.7 20.9153 1351.96 21.722C1353.23 22.514 1354.16 23.6433 1354.73 25.11H1351.72C1351.32 24.3033 1350.77 23.702 1350.07 23.306C1349.36 22.91 1348.55 22.712 1347.62 22.712C1346.61 22.712 1345.71 22.9393 1344.92 23.394C1344.13 23.8487 1343.5 24.5013 1343.05 25.352C1342.61 26.2027 1342.39 27.1927 1342.39 28.322C1342.39 29.4513 1342.61 30.4413 1343.05 31.292C1343.5 32.1427 1344.13 32.8027 1344.92 33.272C1345.71 33.7267 1346.61 33.954 1347.62 33.954C1348.55 33.954 1349.36 33.756 1350.07 33.36C1350.77 32.964 1351.32 32.3627 1351.72 31.556H1354.73C1354.16 33.0227 1353.23 34.152 1351.96 34.944C1350.7 35.736 1349.25 36.132 1347.62 36.132C1346.19 36.132 1344.87 35.802 1343.69 35.142C1342.5 34.4673 1341.55 33.536 1340.85 32.348C1340.16 31.16 1339.81 29.818 1339.81 28.322ZM1362.92 36.198C1361.78 36.198 1360.75 35.9413 1359.82 35.428C1358.9 34.9 1358.17 34.1667 1357.64 33.228C1357.12 32.2747 1356.85 31.1747 1356.85 29.928C1356.85 28.696 1357.12 27.6033 1357.67 26.65C1358.21 25.6967 1358.95 24.9633 1359.89 24.45C1360.83 23.9367 1361.87 23.68 1363.03 23.68C1364.19 23.68 1365.24 23.9367 1366.18 24.45C1367.12 24.9633 1367.86 25.6967 1368.4 26.65C1368.94 27.6033 1369.22 28.696 1369.22 29.928C1369.22 31.16 1368.94 32.2527 1368.38 33.206C1367.82 34.1593 1367.06 34.9 1366.09 35.428C1365.14 35.9413 1364.08 36.198 1362.92 36.198ZM1362.92 34.02C1363.57 34.02 1364.17 33.866 1364.73 33.558C1365.3 33.25 1365.76 32.788 1366.11 32.172C1366.47 31.556 1366.64 30.808 1366.64 29.928C1366.64 29.048 1366.47 28.3073 1366.14 27.706C1365.8 27.09 1365.35 26.628 1364.79 26.32C1364.24 26.012 1363.63 25.858 1362.99 25.858C1362.34 25.858 1361.74 26.012 1361.19 26.32C1360.64 26.628 1360.21 27.09 1359.89 27.706C1359.56 28.3073 1359.4 29.048 1359.4 29.928C1359.4 31.2333 1359.73 32.2453 1360.39 32.964C1361.07 33.668 1361.91 34.02 1362.92 34.02ZM1377.81 23.68C1378.76 23.68 1379.61 23.878 1380.36 24.274C1381.13 24.67 1381.72 25.2567 1382.14 26.034C1382.57 26.8113 1382.78 27.75 1382.78 28.85V36H1380.3V29.224C1380.3 28.1387 1380.03 27.31 1379.48 26.738C1378.94 26.1513 1378.2 25.858 1377.26 25.858C1376.32 25.858 1375.57 26.1513 1375.02 26.738C1374.47 27.31 1374.2 28.1387 1374.2 29.224V36H1371.69V23.878H1374.2V25.264C1374.61 24.7653 1375.13 24.3767 1375.76 24.098C1376.41 23.8193 1377.09 23.68 1377.81 23.68ZM1391.06 25.924H1388.82V36H1386.29V25.924H1384.86V23.878H1386.29V23.02C1386.29 21.6267 1386.66 20.6147 1387.39 19.984C1388.14 19.3387 1389.3 19.016 1390.89 19.016V21.106C1390.13 21.106 1389.59 21.2527 1389.28 21.546C1388.97 21.8247 1388.82 22.316 1388.82 23.02V23.878H1391.06V25.924ZM1394.56 22.272C1394.11 22.272 1393.73 22.118 1393.42 21.81C1393.11 21.502 1392.96 21.1207 1392.96 20.666C1392.96 20.2113 1393.11 19.83 1393.42 19.522C1393.73 19.214 1394.11 19.06 1394.56 19.06C1395 19.06 1395.38 19.214 1395.68 19.522C1395.99 19.83 1396.15 20.2113 1396.15 20.666C1396.15 21.1207 1395.99 21.502 1395.68 21.81C1395.38 22.118 1395 22.272 1394.56 22.272ZM1395.79 23.878V36H1393.29V23.878H1395.79ZM1401.6 25.638C1401.96 25.022 1402.45 24.5453 1403.05 24.208C1403.66 23.856 1404.39 23.68 1405.23 23.68V26.276H1404.59C1403.6 26.276 1402.86 26.5253 1402.34 27.024C1401.84 27.5227 1401.6 28.388 1401.6 29.62V36H1399.09V23.878H1401.6V25.638ZM1422.2 23.68C1423.16 23.68 1424.01 23.878 1424.76 24.274C1425.52 24.67 1426.11 25.2567 1426.54 26.034C1426.98 26.8113 1427.2 27.75 1427.2 28.85V36H1424.71V29.224C1424.71 28.1387 1424.44 27.31 1423.9 26.738C1423.36 26.1513 1422.62 25.858 1421.68 25.858C1420.74 25.858 1419.99 26.1513 1419.43 26.738C1418.89 27.31 1418.62 28.1387 1418.62 29.224V36H1416.13V29.224C1416.13 28.1387 1415.86 27.31 1415.32 26.738C1414.78 26.1513 1414.04 25.858 1413.1 25.858C1412.16 25.858 1411.41 26.1513 1410.85 26.738C1410.31 27.31 1410.04 28.1387 1410.04 29.224V36H1407.53V23.878H1410.04V25.264C1410.45 24.7653 1410.97 24.3767 1411.6 24.098C1412.23 23.8193 1412.91 23.68 1413.62 23.68C1414.59 23.68 1415.46 23.8853 1416.22 24.296C1416.98 24.7067 1417.57 25.3007 1417.98 26.078C1418.35 25.3447 1418.92 24.7653 1419.7 24.34C1420.47 23.9 1421.31 23.68 1422.2 23.68ZM1429.55 29.884C1429.55 28.6667 1429.8 27.5887 1430.3 26.65C1430.82 25.7113 1431.5 24.9853 1432.37 24.472C1433.25 23.944 1434.22 23.68 1435.27 23.68C1436.23 23.68 1437.06 23.8707 1437.76 24.252C1438.48 24.6187 1439.05 25.0807 1439.48 25.638V23.878H1442.01V36H1439.48V34.196C1439.05 34.768 1438.47 35.2447 1437.74 35.626C1437 36.0073 1436.17 36.198 1435.23 36.198C1434.19 36.198 1433.24 35.934 1432.37 35.406C1431.5 34.8633 1430.82 34.1153 1430.3 33.162C1429.8 32.194 1429.55 31.1013 1429.55 29.884ZM1439.48 29.928C1439.48 29.092 1439.3 28.366 1438.95 27.75C1438.61 27.134 1438.16 26.6647 1437.61 26.342C1437.05 26.0193 1436.45 25.858 1435.8 25.858C1435.16 25.858 1434.56 26.0193 1434 26.342C1433.44 26.65 1432.99 27.112 1432.63 27.728C1432.3 28.3293 1432.13 29.048 1432.13 29.884C1432.13 30.72 1432.3 31.4533 1432.63 32.084C1432.99 32.7147 1433.44 33.1987 1434 33.536C1434.57 33.8587 1435.17 34.02 1435.8 34.02C1436.45 34.02 1437.05 33.8587 1437.61 33.536C1438.16 33.2133 1438.61 32.744 1438.95 32.128C1439.3 31.4973 1439.48 30.764 1439.48 29.928ZM1448.23 25.924V32.634C1448.23 33.0887 1448.33 33.4187 1448.53 33.624C1448.75 33.8147 1449.12 33.91 1449.63 33.91H1451.17V36H1449.19C1448.07 36 1447.2 35.736 1446.6 35.208C1446 34.68 1445.7 33.822 1445.7 32.634V25.924H1444.27V23.878H1445.7V20.864H1448.23V23.878H1451.17V25.924H1448.23ZM1454.76 22.272C1454.31 22.272 1453.93 22.118 1453.62 21.81C1453.31 21.502 1453.16 21.1207 1453.16 20.666C1453.16 20.2113 1453.31 19.83 1453.62 19.522C1453.93 19.214 1454.31 19.06 1454.76 19.06C1455.2 19.06 1455.58 19.214 1455.88 19.522C1456.19 19.83 1456.35 20.2113 1456.35 20.666C1456.35 21.1207 1456.19 21.502 1455.88 21.81C1455.58 22.118 1455.2 22.272 1454.76 22.272ZM1455.99 23.878V36H1453.49V23.878H1455.99ZM1464.54 36.198C1463.4 36.198 1462.37 35.9413 1461.44 35.428C1460.52 34.9 1459.79 34.1667 1459.26 33.228C1458.74 32.2747 1458.47 31.1747 1458.47 29.928C1458.47 28.696 1458.74 27.6033 1459.29 26.65C1459.83 25.6967 1460.57 24.9633 1461.51 24.45C1462.45 23.9367 1463.5 23.68 1464.65 23.68C1465.81 23.68 1466.86 23.9367 1467.8 24.45C1468.74 24.9633 1469.48 25.6967 1470.02 26.65C1470.57 27.6033 1470.84 28.696 1470.84 29.928C1470.84 31.16 1470.56 32.2527 1470 33.206C1469.44 34.1593 1468.68 34.9 1467.71 35.428C1466.76 35.9413 1465.7 36.198 1464.54 36.198ZM1464.54 34.02C1465.19 34.02 1465.79 33.866 1466.35 33.558C1466.92 33.25 1467.38 32.788 1467.73 32.172C1468.09 31.556 1468.26 30.808 1468.26 29.928C1468.26 29.048 1468.09 28.3073 1467.76 27.706C1467.42 27.09 1466.97 26.628 1466.41 26.32C1465.86 26.012 1465.26 25.858 1464.61 25.858C1463.97 25.858 1463.36 26.012 1462.81 26.32C1462.26 26.628 1461.83 27.09 1461.51 27.706C1461.19 28.3073 1461.02 29.048 1461.02 29.928C1461.02 31.2333 1461.35 32.2453 1462.01 32.964C1462.69 33.668 1463.53 34.02 1464.54 34.02ZM1479.43 23.68C1480.39 23.68 1481.24 23.878 1481.98 24.274C1482.75 24.67 1483.34 25.2567 1483.77 26.034C1484.19 26.8113 1484.4 27.75 1484.4 28.85V36H1481.92V29.224C1481.92 28.1387 1481.65 27.31 1481.1 26.738C1480.56 26.1513 1479.82 25.858 1478.88 25.858C1477.94 25.858 1477.2 26.1513 1476.64 26.738C1476.1 27.31 1475.82 28.1387 1475.82 29.224V36H1473.32V23.878H1475.82V25.264C1476.23 24.7653 1476.76 24.3767 1477.39 24.098C1478.03 23.8193 1478.71 23.68 1479.43 23.68ZM1496.24 25.924V32.634C1496.24 33.0887 1496.35 33.4187 1496.55 33.624C1496.77 33.8147 1497.14 33.91 1497.65 33.91H1499.19V36H1497.21C1496.08 36 1495.22 35.736 1494.62 35.208C1494.01 34.68 1493.71 33.822 1493.71 32.634V25.924H1492.28V23.878H1493.71V20.864H1496.24V23.878H1499.19V25.924H1496.24ZM1506.76 36.198C1505.62 36.198 1504.58 35.9413 1503.66 35.428C1502.74 34.9 1502.01 34.1667 1501.48 33.228C1500.95 32.2747 1500.69 31.1747 1500.69 29.928C1500.69 28.696 1500.96 27.6033 1501.5 26.65C1502.05 25.6967 1502.79 24.9633 1503.73 24.45C1504.66 23.9367 1505.71 23.68 1506.87 23.68C1508.03 23.68 1509.08 23.9367 1510.02 24.45C1510.96 24.9633 1511.7 25.6967 1512.24 26.65C1512.78 27.6033 1513.05 28.696 1513.05 29.928C1513.05 31.16 1512.77 32.2527 1512.22 33.206C1511.66 34.1593 1510.9 34.9 1509.93 35.428C1508.98 35.9413 1507.92 36.198 1506.76 36.198ZM1506.76 34.02C1507.41 34.02 1508.01 33.866 1508.57 33.558C1509.14 33.25 1509.6 32.788 1509.95 32.172C1510.3 31.556 1510.48 30.808 1510.48 29.928C1510.48 29.048 1510.31 28.3073 1509.97 27.706C1509.64 27.09 1509.19 26.628 1508.63 26.32C1508.07 26.012 1507.47 25.858 1506.83 25.858C1506.18 25.858 1505.58 26.012 1505.02 26.32C1504.48 26.628 1504.05 27.09 1503.73 27.706C1503.4 28.3073 1503.24 29.048 1503.24 29.928C1503.24 31.2333 1503.57 32.2453 1504.23 32.964C1504.91 33.668 1505.75 34.02 1506.76 34.02ZM1514.7 29.884C1514.7 28.6667 1514.95 27.5887 1515.44 26.65C1515.96 25.7113 1516.65 24.9853 1517.51 24.472C1518.39 23.944 1519.36 23.68 1520.42 23.68C1521.37 23.68 1522.2 23.8707 1522.9 24.252C1523.62 24.6187 1524.19 25.0807 1524.62 25.638V23.878H1527.15V36H1524.62V34.196C1524.19 34.768 1523.61 35.2447 1522.88 35.626C1522.15 36.0073 1521.31 36.198 1520.37 36.198C1519.33 36.198 1518.38 35.934 1517.51 35.406C1516.65 34.8633 1515.96 34.1153 1515.44 33.162C1514.95 32.194 1514.7 31.1013 1514.7 29.884ZM1524.62 29.928C1524.62 29.092 1524.44 28.366 1524.09 27.75C1523.75 27.134 1523.31 26.6647 1522.75 26.342C1522.19 26.0193 1521.59 25.858 1520.94 25.858C1520.3 25.858 1519.7 26.0193 1519.14 26.342C1518.58 26.65 1518.13 27.112 1517.78 27.728C1517.44 28.3293 1517.27 29.048 1517.27 29.884C1517.27 30.72 1517.44 31.4533 1517.78 32.084C1518.13 32.7147 1518.58 33.1987 1519.14 33.536C1519.71 33.8587 1520.31 34.02 1520.94 34.02C1521.59 34.02 1522.19 33.8587 1522.75 33.536C1523.31 33.2133 1523.75 32.744 1524.09 32.128C1524.44 31.4973 1524.62 30.764 1524.62 29.928ZM1534.84 36.198C1533.89 36.198 1533.03 36.0293 1532.27 35.692C1531.52 35.34 1530.93 34.8707 1530.49 34.284C1530.05 33.6827 1529.81 33.0153 1529.78 32.282H1532.38C1532.42 32.7953 1532.66 33.228 1533.1 33.58C1533.56 33.9173 1534.12 34.086 1534.8 34.086C1535.5 34.086 1536.05 33.954 1536.43 33.69C1536.82 33.4113 1537.02 33.0593 1537.02 32.634C1537.02 32.1793 1536.8 31.842 1536.36 31.622C1535.94 31.402 1535.25 31.16 1534.31 30.896C1533.41 30.6467 1532.66 30.4047 1532.09 30.17C1531.52 29.9353 1531.02 29.576 1530.6 29.092C1530.19 28.608 1529.98 27.97 1529.98 27.178C1529.98 26.5327 1530.17 25.946 1530.55 25.418C1530.93 24.8753 1531.48 24.45 1532.18 24.142C1532.9 23.834 1533.72 23.68 1534.64 23.68C1536.02 23.68 1537.13 24.032 1537.97 24.736C1538.82 25.4253 1539.27 26.3713 1539.33 27.574H1536.82C1536.78 27.0313 1536.56 26.5987 1536.16 26.276C1535.77 25.9533 1535.23 25.792 1534.56 25.792C1533.9 25.792 1533.39 25.9167 1533.04 26.166C1532.69 26.4153 1532.51 26.7453 1532.51 27.156C1532.51 27.4787 1532.63 27.75 1532.86 27.97C1533.1 28.19 1533.38 28.366 1533.72 28.498C1534.06 28.6153 1534.56 28.7693 1535.22 28.96C1536.1 29.1947 1536.82 29.4367 1537.37 29.686C1537.94 29.9207 1538.44 30.2727 1538.85 30.742C1539.26 31.2113 1539.47 31.8347 1539.48 32.612C1539.48 33.3013 1539.29 33.9173 1538.91 34.46C1538.53 35.0027 1537.99 35.428 1537.28 35.736C1536.6 36.044 1535.78 36.198 1534.84 36.198ZM1545.12 25.924V32.634C1545.12 33.0887 1545.22 33.4187 1545.43 33.624C1545.65 33.8147 1546.02 33.91 1546.53 33.91H1548.07V36H1546.09C1544.96 36 1544.09 35.736 1543.49 35.208C1542.89 34.68 1542.59 33.822 1542.59 32.634V25.924H1541.16V23.878H1542.59V20.864H1545.12V23.878H1548.07V25.924H1545.12ZM1553.53 20.71L1553.24 31.38H1551.15L1550.86 20.71H1553.53ZM1552.27 36.154C1551.82 36.154 1551.44 36 1551.13 35.692C1550.82 35.384 1550.67 35.0027 1550.67 34.548C1550.67 34.0933 1550.82 33.712 1551.13 33.404C1551.44 33.096 1551.82 32.942 1552.27 32.942C1552.71 32.942 1553.09 33.096 1553.39 33.404C1553.7 33.712 1553.86 34.0933 1553.86 34.548C1553.86 35.0027 1553.7 35.384 1553.39 35.692C1553.09 36 1552.71 36.154 1552.27 36.154Z" fill="white" style="fill:white;fill-opacity:1;"/>
<path d="M1243 82C1242.17 82 1241.5 82.6716 1241.5 83.5C1241.5 84.3284 1242.17 85 1243 85V83.5V82ZM1320.06 29.5607C1320.65 28.9749 1320.65 28.0251 1320.06 27.4393L1310.51 17.8934C1309.93 17.3076 1308.98 17.3076 1308.39 17.8934C1307.81 18.4792 1307.81 19.4289 1308.39 20.0147L1316.88 28.5L1308.39 36.9853C1307.81 37.5711 1307.81 38.5208 1308.39 39.1066C1308.98 39.6924 1309.93 39.6924 1310.51 39.1066L1320.06 29.5607ZM1243 83.5V85H1258V83.5V82H1243V83.5ZM1282 59.5H1283.5V52.5H1282H1280.5V59.5H1282ZM1306 28.5V30H1319V28.5V27H1306V28.5ZM1282 52.5H1283.5C1283.5 40.0736 1293.57 30 1306 30V28.5V27C1291.92 27 1280.5 38.4167 1280.5 52.5H1282ZM1258 83.5V85C1272.08 85 1283.5 73.5833 1283.5 59.5H1282H1280.5C1280.5 71.9264 1270.43 82 1258 82V83.5Z" fill="#B3B3B3" style="fill:#B3B3B3;fill:color(display-p3 0.7020 0.7020 0.7020);fill-opacity:1;"/>
<path d="M1243 82C1242.17 82 1241.5 82.6716 1241.5 83.5C1241.5 84.3284 1242.17 85 1243 85V83.5V82ZM1320.06 137.561C1320.65 136.975 1320.65 136.025 1320.06 135.439L1310.51 125.893C1309.93 125.308 1308.98 125.308 1308.39 125.893C1307.81 126.479 1307.81 127.429 1308.39 128.015L1316.88 136.5L1308.39 144.985C1307.81 145.571 1307.81 146.521 1308.39 147.107C1308.98 147.692 1309.93 147.692 1310.51 147.107L1320.06 137.561ZM1243 83.5V85H1256V83.5V82H1243V83.5ZM1280 107.5H1278.5V112.5H1280H1281.5V107.5H1280ZM1304 136.5V138H1319V136.5V135H1304V136.5ZM1280 112.5H1278.5C1278.5 126.583 1289.92 138 1304 138V136.5V135C1291.57 135 1281.5 124.926 1281.5 112.5H1280ZM1256 83.5V85C1268.43 85 1278.5 95.0736 1278.5 107.5H1280H1281.5C1281.5 93.4167 1270.08 82 1256 82V83.5Z" fill="#B3B3B3" style="fill:#B3B3B3;fill:color(display-p3 0.7020 0.7020 0.7020);fill-opacity:1;"/>
<path d="M453.5 203C453.5 203.828 454.172 204.5 455 204.5C455.828 204.5 456.5 203.828 456.5 203H455H453.5ZM556.061 83.5607C556.646 82.9749 556.646 82.0251 556.061 81.4393L546.515 71.8934C545.929 71.3076 544.979 71.3076 544.393 71.8934C543.808 72.4792 543.808 73.4289 544.393 74.0147L552.879 82.5L544.393 90.9853C543.808 91.5711 543.808 92.5208 544.393 93.1066C544.979 93.6924 545.929 93.6924 546.515 93.1066L556.061 83.5607ZM455 203H456.5V106.5H455H453.5V203H455ZM479 82.5V84H555V82.5V81H479V82.5ZM455 106.5H456.5C456.5 94.0736 466.574 84 479 84V82.5V81C464.917 81 453.5 92.4167 453.5 106.5H455Z" fill="#B3B3B3" style="fill:#B3B3B3;fill:color(display-p3 0.7020 0.7020 0.7020);fill-opacity:1;"/>
<rect x="956.75" y="285.75" width="198.5" height="51.5" rx="4.25" fill="white" style="fill:white;fill-opacity:1;"/>
<rect x="956.75" y="285.75" width="198.5" height="51.5" rx="4.25" stroke="#DBDBDB" style="stroke:#DBDBDB;stroke:color(display-p3 0.8588 0.8588 0.8588);stroke-opacity:1;" stroke-width="1.5"/>
<path d="M991.94 305.44H999.74L999.64 306.94H993.74V311.92H999.14L999.02 313.42H993.74V320H991.94V305.44ZM1001.7 320V312.54C1001.7 311.927 1001.7 311.393 1001.68 310.94C1001.67 310.473 1001.66 310.027 1001.64 309.6L1003.22 309.54L1003.36 311.38H1003.4C1003.78 310.78 1004.25 310.293 1004.82 309.92C1005.4 309.547 1006.12 309.38 1006.98 309.42V311.02C1006.21 310.967 1005.53 311.08 1004.94 311.36C1004.36 311.627 1003.88 312.06 1003.5 312.66V320H1001.7ZM1013.11 320.22C1012.45 320.22 1011.81 320.107 1011.21 319.88C1010.61 319.64 1010.09 319.293 1009.63 318.84C1009.19 318.387 1008.85 317.82 1008.59 317.14C1008.34 316.46 1008.21 315.68 1008.21 314.8C1008.21 313.92 1008.34 313.14 1008.59 312.46C1008.85 311.78 1009.19 311.213 1009.63 310.76C1010.09 310.307 1010.61 309.967 1011.21 309.74C1011.81 309.5 1012.45 309.38 1013.11 309.38C1013.79 309.38 1014.43 309.5 1015.01 309.74C1015.61 309.967 1016.14 310.307 1016.59 310.76C1017.05 311.213 1017.4 311.78 1017.65 312.46C1017.91 313.14 1018.03 313.92 1018.03 314.8C1018.03 315.68 1017.91 316.46 1017.65 317.14C1017.4 317.82 1017.05 318.387 1016.59 318.84C1016.14 319.293 1015.61 319.64 1015.01 319.88C1014.43 320.107 1013.79 320.22 1013.11 320.22ZM1013.11 318.86C1013.63 318.86 1014.09 318.76 1014.47 318.56C1014.87 318.36 1015.19 318.073 1015.43 317.7C1015.69 317.327 1015.87 316.893 1015.99 316.4C1016.13 315.907 1016.19 315.373 1016.19 314.8C1016.19 314.227 1016.13 313.693 1015.99 313.2C1015.87 312.707 1015.69 312.273 1015.43 311.9C1015.19 311.527 1014.87 311.24 1014.47 311.04C1014.09 310.84 1013.63 310.74 1013.11 310.74C1012.59 310.74 1012.14 310.84 1011.75 311.04C1011.37 311.24 1011.05 311.527 1010.79 311.9C1010.54 312.273 1010.35 312.707 1010.23 313.2C1010.11 313.693 1010.05 314.227 1010.05 314.8C1010.05 315.373 1010.11 315.907 1010.23 316.4C1010.35 316.893 1010.54 317.327 1010.79 317.7C1011.05 318.073 1011.37 318.36 1011.75 318.56C1012.14 318.76 1012.59 318.86 1013.11 318.86ZM1020.18 312.36C1020.18 311.853 1020.17 311.387 1020.16 310.96C1020.16 310.52 1020.15 310.067 1020.14 309.6L1021.7 309.54L1021.8 311.1H1021.88C1022.12 310.847 1022.41 310.587 1022.74 310.32C1023.07 310.053 1023.45 309.833 1023.88 309.66C1024.31 309.473 1024.78 309.38 1025.3 309.38C1025.89 309.38 1026.43 309.52 1026.92 309.8C1027.43 310.08 1027.8 310.54 1028.04 311.18H1028.08C1028.36 310.9 1028.67 310.627 1029.02 310.36C1029.38 310.08 1029.78 309.847 1030.22 309.66C1030.66 309.473 1031.14 309.38 1031.66 309.38C1032.13 309.38 1032.55 309.46 1032.94 309.62C1033.33 309.78 1033.67 310.02 1033.96 310.34C1034.27 310.66 1034.5 311.087 1034.66 311.62C1034.83 312.14 1034.92 312.767 1034.92 313.5V320H1033.14V313.78C1033.14 313.06 1033.05 312.487 1032.86 312.06C1032.67 311.633 1032.43 311.327 1032.12 311.14C1031.81 310.94 1031.45 310.84 1031.04 310.84C1030.63 310.84 1030.24 310.927 1029.88 311.1C1029.53 311.273 1029.22 311.487 1028.94 311.74C1028.66 311.98 1028.43 312.22 1028.24 312.46L1028.34 311.94C1028.38 312.247 1028.41 312.533 1028.42 312.8C1028.43 313.053 1028.44 313.347 1028.44 313.68V320H1026.68V313.72C1026.68 313.187 1026.61 312.707 1026.48 312.28C1026.35 311.84 1026.13 311.493 1025.84 311.24C1025.56 310.973 1025.17 310.84 1024.68 310.84C1024.28 310.84 1023.91 310.92 1023.56 311.08C1023.23 311.24 1022.92 311.433 1022.64 311.66C1022.37 311.887 1022.15 312.113 1021.96 312.34V320H1020.18V312.36ZM1047.19 320.22C1046.68 320.22 1046.22 320.14 1045.81 319.98C1045.41 319.807 1045.06 319.587 1044.75 319.32C1044.46 319.04 1044.2 318.753 1043.99 318.46H1043.97L1043.59 320H1042.29C1042.29 319.8 1042.29 319.58 1042.29 319.34C1042.3 319.087 1042.31 318.827 1042.31 318.56C1042.32 318.293 1042.33 318.033 1042.33 317.78C1042.34 317.513 1042.35 317.273 1042.35 317.06V305.04L1044.15 304.98V311.06H1044.17C1044.49 310.647 1044.94 310.267 1045.51 309.92C1046.08 309.56 1046.72 309.38 1047.43 309.38C1048.27 309.38 1048.98 309.6 1049.57 310.04C1050.16 310.467 1050.6 311.073 1050.91 311.86C1051.23 312.647 1051.39 313.567 1051.39 314.62C1051.39 315.74 1051.2 316.72 1050.83 317.56C1050.47 318.387 1049.98 319.04 1049.35 319.52C1048.72 319.987 1048 320.22 1047.19 320.22ZM1046.73 318.78C1047.38 318.78 1047.92 318.587 1048.33 318.2C1048.74 317.813 1049.05 317.313 1049.25 316.7C1049.45 316.087 1049.55 315.42 1049.55 314.7C1049.55 313.913 1049.44 313.233 1049.23 312.66C1049.03 312.073 1048.72 311.627 1048.31 311.32C1047.91 311 1047.42 310.84 1046.83 310.84C1046.46 310.84 1046.1 310.913 1045.75 311.06C1045.4 311.207 1045.09 311.4 1044.81 311.64C1044.54 311.867 1044.32 312.113 1044.15 312.38V316.88C1044.26 317.187 1044.42 317.487 1044.65 317.78C1044.89 318.06 1045.18 318.3 1045.53 318.5C1045.89 318.687 1046.29 318.78 1046.73 318.78ZM1053.58 320V312.54C1053.58 311.927 1053.57 311.393 1053.56 310.94C1053.55 310.473 1053.53 310.027 1053.52 309.6L1055.1 309.54L1055.24 311.38H1055.28C1055.65 310.78 1056.13 310.293 1056.7 309.92C1057.27 309.547 1057.99 309.38 1058.86 309.42V311.02C1058.09 310.967 1057.41 311.08 1056.82 311.36C1056.23 311.627 1055.75 312.06 1055.38 312.66V320H1053.58ZM1064.99 320.22C1064.32 320.22 1063.69 320.107 1063.09 319.88C1062.49 319.64 1061.96 319.293 1061.51 318.84C1061.07 318.387 1060.72 317.82 1060.47 317.14C1060.22 316.46 1060.09 315.68 1060.09 314.8C1060.09 313.92 1060.22 313.14 1060.47 312.46C1060.72 311.78 1061.07 311.213 1061.51 310.76C1061.96 310.307 1062.49 309.967 1063.09 309.74C1063.69 309.5 1064.32 309.38 1064.99 309.38C1065.67 309.38 1066.3 309.5 1066.89 309.74C1067.49 309.967 1068.02 310.307 1068.47 310.76C1068.92 311.213 1069.28 311.78 1069.53 312.46C1069.78 313.14 1069.91 313.92 1069.91 314.8C1069.91 315.68 1069.78 316.46 1069.53 317.14C1069.28 317.82 1068.92 318.387 1068.47 318.84C1068.02 319.293 1067.49 319.64 1066.89 319.88C1066.3 320.107 1065.67 320.22 1064.99 320.22ZM1064.99 318.86C1065.51 318.86 1065.96 318.76 1066.35 318.56C1066.75 318.36 1067.07 318.073 1067.31 317.7C1067.56 317.327 1067.75 316.893 1067.87 316.4C1068 315.907 1068.07 315.373 1068.07 314.8C1068.07 314.227 1068 313.693 1067.87 313.2C1067.75 312.707 1067.56 312.273 1067.31 311.9C1067.07 311.527 1066.75 311.24 1066.35 311.04C1065.96 310.84 1065.51 310.74 1064.99 310.74C1064.47 310.74 1064.02 310.84 1063.63 311.04C1063.24 311.24 1062.92 311.527 1062.67 311.9C1062.42 312.273 1062.23 312.707 1062.11 313.2C1061.99 313.693 1061.93 314.227 1061.93 314.8C1061.93 315.373 1061.99 315.907 1062.11 316.4C1062.23 316.893 1062.42 317.327 1062.67 317.7C1062.92 318.073 1063.24 318.36 1063.63 318.56C1064.02 318.76 1064.47 318.86 1064.99 318.86ZM1070.76 309.6H1072.62L1074.84 318.34H1074.86L1075.74 315.18L1077.38 309.6H1078.94L1080.6 315.18L1081.46 318.34H1081.48L1083.7 309.6H1085.56L1082.48 320H1080.66L1078.16 311.8H1078.14L1075.66 320H1073.84L1070.76 309.6ZM1089.69 320.22C1089.17 320.22 1088.64 320.16 1088.09 320.04C1087.56 319.92 1087.09 319.76 1086.69 319.56L1086.95 318.32C1087.18 318.413 1087.44 318.507 1087.75 318.6C1088.06 318.68 1088.38 318.747 1088.71 318.8C1089.06 318.853 1089.4 318.88 1089.73 318.88C1090.42 318.88 1090.96 318.733 1091.33 318.44C1091.72 318.147 1091.91 317.76 1091.91 317.28C1091.91 316.907 1091.8 316.607 1091.57 316.38C1091.34 316.14 1091.05 315.933 1090.69 315.76C1090.34 315.573 1089.97 315.4 1089.57 315.24C1089.14 315.053 1088.72 314.847 1088.31 314.62C1087.9 314.38 1087.55 314.073 1087.27 313.7C1087 313.327 1086.87 312.86 1086.87 312.3C1086.87 311.713 1087.02 311.207 1087.31 310.78C1087.62 310.34 1088.04 310 1088.59 309.76C1089.14 309.507 1089.78 309.38 1090.51 309.38C1091.02 309.38 1091.51 309.44 1091.99 309.56C1092.47 309.667 1092.88 309.807 1093.23 309.98L1092.97 311.22C1092.78 311.14 1092.55 311.06 1092.27 310.98C1092 310.9 1091.72 310.833 1091.43 310.78C1091.14 310.727 1090.84 310.7 1090.53 310.7C1089.9 310.7 1089.42 310.84 1089.09 311.12C1088.77 311.4 1088.61 311.747 1088.61 312.16C1088.61 312.493 1088.7 312.773 1088.89 313C1089.09 313.213 1089.35 313.4 1089.67 313.56C1090 313.72 1090.36 313.88 1090.73 314.04C1091.17 314.213 1091.62 314.427 1092.07 314.68C1092.52 314.933 1092.9 315.253 1093.19 315.64C1093.5 316.027 1093.65 316.527 1093.65 317.14C1093.65 317.753 1093.48 318.293 1093.15 318.76C1092.82 319.227 1092.35 319.587 1091.75 319.84C1091.16 320.093 1090.48 320.22 1089.69 320.22ZM1095.92 309.6L1097.72 309.54V320H1095.92V309.6ZM1096.82 307.74C1096.5 307.74 1096.23 307.64 1096 307.44C1095.78 307.24 1095.66 306.98 1095.66 306.66C1095.66 306.327 1095.78 306.06 1096 305.86C1096.23 305.647 1096.5 305.54 1096.82 305.54C1097.14 305.54 1097.41 305.647 1097.62 305.86C1097.85 306.06 1097.96 306.327 1097.96 306.66C1097.96 306.98 1097.85 307.24 1097.62 307.44C1097.41 307.64 1097.14 307.74 1096.82 307.74ZM1100.55 312.5C1100.55 311.927 1100.55 311.407 1100.53 310.94C1100.53 310.473 1100.53 310.027 1100.51 309.6L1102.09 309.54L1102.19 311.1H1102.25C1102.49 310.86 1102.79 310.607 1103.13 310.34C1103.49 310.073 1103.9 309.847 1104.35 309.66C1104.82 309.473 1105.33 309.38 1105.87 309.38C1106.31 309.38 1106.73 309.46 1107.13 309.62C1107.55 309.78 1107.91 310.027 1108.21 310.36C1108.52 310.693 1108.77 311.127 1108.95 311.66C1109.14 312.18 1109.23 312.813 1109.23 313.56V320H1107.43V313.64C1107.43 313.093 1107.37 312.64 1107.23 312.28C1107.1 311.92 1106.92 311.633 1106.69 311.42C1106.48 311.207 1106.24 311.06 1105.97 310.98C1105.72 310.887 1105.47 310.84 1105.21 310.84C1104.79 310.84 1104.39 310.92 1104.03 311.08C1103.67 311.24 1103.35 311.44 1103.07 311.68C1102.79 311.907 1102.55 312.127 1102.35 312.34V320H1100.55V312.5ZM1115.8 317.2C1114.98 317.2 1114.26 317.033 1113.64 316.7C1113.02 316.367 1112.54 315.907 1112.2 315.32C1111.85 314.733 1111.68 314.06 1111.68 313.3C1111.68 312.527 1111.85 311.847 1112.2 311.26C1112.54 310.673 1113.02 310.213 1113.64 309.88C1114.26 309.547 1114.98 309.38 1115.8 309.38C1116.61 309.38 1117.32 309.547 1117.94 309.88C1118.56 310.213 1119.05 310.673 1119.4 311.26C1119.74 311.847 1119.92 312.527 1119.92 313.3C1119.92 314.06 1119.74 314.733 1119.4 315.32C1119.06 315.907 1118.59 316.367 1117.98 316.7C1117.36 317.033 1116.64 317.2 1115.8 317.2ZM1115.8 316.02C1116.33 316.02 1116.77 315.9 1117.12 315.66C1117.48 315.407 1117.74 315.073 1117.92 314.66C1118.09 314.247 1118.18 313.793 1118.18 313.3C1118.18 312.78 1118.09 312.32 1117.92 311.92C1117.74 311.507 1117.48 311.18 1117.12 310.94C1116.77 310.687 1116.33 310.56 1115.8 310.56C1115.26 310.56 1114.82 310.687 1114.46 310.94C1114.11 311.18 1113.85 311.507 1113.68 311.92C1113.5 312.32 1113.42 312.78 1113.42 313.3C1113.42 313.793 1113.5 314.247 1113.68 314.66C1113.85 315.073 1114.11 315.407 1114.46 315.66C1114.82 315.9 1115.26 316.02 1115.8 316.02ZM1115.64 324.7C1115.04 324.7 1114.45 324.653 1113.88 324.56C1113.32 324.467 1112.8 324.307 1112.34 324.08C1111.88 323.867 1111.52 323.58 1111.26 323.22C1110.99 322.873 1110.86 322.44 1110.86 321.92C1110.86 321.36 1111 320.88 1111.28 320.48C1111.56 320.093 1111.94 319.753 1112.42 319.46V319.44C1112.2 319.307 1112.04 319.153 1111.94 318.98C1111.83 318.793 1111.78 318.573 1111.78 318.32C1111.78 317.933 1111.92 317.56 1112.2 317.2C1112.48 316.827 1112.8 316.493 1113.16 316.2L1113.92 316.56C1113.68 316.773 1113.48 317 1113.32 317.24C1113.17 317.467 1113.1 317.707 1113.1 317.96C1113.1 318.213 1113.2 318.4 1113.4 318.52C1113.61 318.64 1113.92 318.713 1114.34 318.74L1117.1 318.88C1117.43 318.893 1117.82 318.933 1118.26 319C1118.7 319.053 1119.12 319.16 1119.54 319.32C1119.95 319.48 1120.3 319.72 1120.58 320.04C1120.86 320.373 1121 320.827 1121 321.4C1121 321.947 1120.81 322.473 1120.44 322.98C1120.08 323.487 1119.5 323.9 1118.72 324.22C1117.93 324.54 1116.9 324.7 1115.64 324.7ZM1115.8 323.34C1116.66 323.34 1117.36 323.253 1117.88 323.08C1118.41 322.92 1118.8 322.7 1119.04 322.42C1119.28 322.14 1119.4 321.847 1119.4 321.54C1119.4 321.233 1119.31 320.987 1119.14 320.8C1118.98 320.627 1118.76 320.487 1118.5 320.38C1118.24 320.287 1117.97 320.22 1117.68 320.18C1117.4 320.153 1117.13 320.133 1116.88 320.12L1114.3 319.96C1114 319.933 1113.77 319.907 1113.6 319.88C1113.44 319.853 1113.3 319.807 1113.18 319.74L1113.4 319.76C1113.09 319.933 1112.83 320.173 1112.62 320.48C1112.4 320.8 1112.3 321.133 1112.3 321.48C1112.3 321.84 1112.4 322.14 1112.6 322.38C1112.8 322.633 1113.06 322.827 1113.38 322.96C1113.71 323.107 1114.08 323.207 1114.5 323.26C1114.91 323.313 1115.34 323.34 1115.8 323.34ZM1116.98 309.6H1121.06V310.6H1118.5L1116.98 309.6Z" fill="black" style="fill:black;fill-opacity:1;"/>
<rect x="1327.75" y="222.75" width="198.5" height="51.5" rx="4.25" fill="white" style="fill:white;fill-opacity:1;"/>
<rect x="1327.75" y="222.75" width="198.5" height="51.5" rx="4.25" stroke="#DBDBDB" style="stroke:#DBDBDB;stroke:color(display-p3 0.8588 0.8588 0.8588);stroke-opacity:1;" stroke-width="1.5"/>
<path d="M1405.12 257.24C1403.99 257.24 1402.99 257.053 1402.12 256.68C1401.25 256.293 1400.53 255.76 1399.96 255.08C1399.4 254.4 1398.98 253.613 1398.7 252.72C1398.42 251.827 1398.28 250.86 1398.28 249.82C1398.28 248.34 1398.55 247.027 1399.1 245.88C1399.65 244.72 1400.44 243.82 1401.48 243.18C1402.52 242.527 1403.77 242.2 1405.22 242.2C1405.95 242.2 1406.63 242.267 1407.24 242.4C1407.87 242.533 1408.36 242.687 1408.72 242.86L1408.48 244.32C1408.07 244.16 1407.59 244.02 1407.04 243.9C1406.49 243.78 1405.92 243.72 1405.32 243.72C1404.24 243.72 1403.31 243.973 1402.54 244.48C1401.77 244.973 1401.17 245.673 1400.76 246.58C1400.36 247.487 1400.16 248.547 1400.16 249.76C1400.16 250.933 1400.35 251.967 1400.74 252.86C1401.14 253.753 1401.73 254.453 1402.5 254.96C1403.27 255.467 1404.22 255.72 1405.34 255.72C1405.9 255.72 1406.45 255.667 1407 255.56C1407.56 255.44 1408.06 255.287 1408.5 255.1L1408.7 256.56C1408.25 256.773 1407.71 256.94 1407.08 257.06C1406.45 257.18 1405.8 257.24 1405.12 257.24ZM1413.19 257.22C1412.58 257.22 1412.04 257.093 1411.57 256.84C1411.12 256.587 1410.77 256.24 1410.51 255.8C1410.26 255.36 1410.13 254.853 1410.13 254.28C1410.13 253.68 1410.25 253.193 1410.47 252.82C1410.71 252.447 1411.03 252.16 1411.41 251.96C1411.81 251.76 1412.25 251.627 1412.73 251.56C1413.21 251.48 1413.7 251.44 1414.19 251.44H1416.39V250.18C1416.39 249.847 1416.37 249.54 1416.31 249.26C1416.27 248.967 1416.18 248.713 1416.03 248.5C1415.9 248.273 1415.69 248.1 1415.39 247.98C1415.1 247.847 1414.7 247.78 1414.19 247.78C1413.65 247.78 1413.11 247.847 1412.57 247.98C1412.05 248.113 1411.57 248.273 1411.13 248.46L1410.83 247.18C1411.19 247.02 1411.57 246.88 1411.97 246.76C1412.39 246.64 1412.81 246.547 1413.23 246.48C1413.67 246.413 1414.09 246.38 1414.47 246.38C1415.27 246.38 1415.92 246.48 1416.41 246.68C1416.91 246.867 1417.28 247.133 1417.53 247.48C1417.79 247.813 1417.95 248.207 1418.03 248.66C1418.13 249.113 1418.17 249.6 1418.17 250.12V254.44C1418.17 254.827 1418.18 255.26 1418.19 255.74C1418.22 256.207 1418.24 256.627 1418.25 257H1416.93L1416.57 255.4H1416.53C1416.2 255.933 1415.74 256.373 1415.15 256.72C1414.58 257.053 1413.93 257.22 1413.19 257.22ZM1413.75 255.96C1414.35 255.96 1414.91 255.8 1415.41 255.48C1415.93 255.147 1416.27 254.713 1416.43 254.18V252.46H1414.43C1414.17 252.46 1413.88 252.473 1413.57 252.5C1413.28 252.527 1413 252.593 1412.73 252.7C1412.47 252.793 1412.25 252.96 1412.09 253.2C1411.93 253.44 1411.85 253.767 1411.85 254.18C1411.85 254.74 1412.03 255.18 1412.37 255.5C1412.72 255.807 1413.18 255.96 1413.75 255.96ZM1420.93 249.5C1420.93 248.927 1420.92 248.407 1420.91 247.94C1420.91 247.473 1420.9 247.027 1420.89 246.6L1422.47 246.54L1422.57 248.1H1422.63C1422.87 247.86 1423.16 247.607 1423.51 247.34C1423.87 247.073 1424.28 246.847 1424.73 246.66C1425.2 246.473 1425.7 246.38 1426.25 246.38C1426.69 246.38 1427.11 246.46 1427.51 246.62C1427.92 246.78 1428.28 247.027 1428.59 247.36C1428.9 247.693 1429.14 248.127 1429.33 248.66C1429.52 249.18 1429.61 249.813 1429.61 250.56V257H1427.81V250.64C1427.81 250.093 1427.74 249.64 1427.61 249.28C1427.48 248.92 1427.3 248.633 1427.07 248.42C1426.86 248.207 1426.62 248.06 1426.35 247.98C1426.1 247.887 1425.84 247.84 1425.59 247.84C1425.16 247.84 1424.77 247.92 1424.41 248.08C1424.05 248.24 1423.73 248.44 1423.45 248.68C1423.17 248.907 1422.93 249.127 1422.73 249.34V257H1420.93V249.5ZM1436.92 257.22C1435.86 257.22 1434.95 257.007 1434.18 256.58C1433.42 256.14 1432.82 255.52 1432.4 254.72C1431.98 253.907 1431.78 252.94 1431.78 251.82C1431.78 250.74 1431.98 249.793 1432.4 248.98C1432.82 248.167 1433.42 247.533 1434.2 247.08C1434.98 246.627 1435.93 246.4 1437.04 246.4C1437.5 246.4 1437.99 246.447 1438.5 246.54C1439 246.633 1439.46 246.773 1439.86 246.96L1439.64 248.3C1439.32 248.153 1438.93 248.033 1438.48 247.94C1438.04 247.847 1437.58 247.8 1437.12 247.8C1436.36 247.8 1435.71 247.973 1435.18 248.32C1434.66 248.653 1434.26 249.12 1434 249.72C1433.73 250.32 1433.6 251.007 1433.6 251.78C1433.6 252.607 1433.74 253.32 1434.04 253.92C1434.34 254.52 1434.77 254.98 1435.32 255.3C1435.86 255.62 1436.5 255.78 1437.24 255.78C1437.77 255.78 1438.26 255.727 1438.72 255.62C1439.18 255.5 1439.55 255.393 1439.82 255.3L1440 256.62C1439.66 256.767 1439.2 256.9 1438.62 257.02C1438.04 257.153 1437.48 257.22 1436.92 257.22ZM1446.41 257.22C1445.27 257.22 1444.33 256.993 1443.57 256.54C1442.82 256.073 1442.26 255.44 1441.89 254.64C1441.51 253.827 1441.33 252.893 1441.33 251.84C1441.33 251.067 1441.43 250.353 1441.65 249.7C1441.86 249.047 1442.17 248.473 1442.57 247.98C1442.98 247.473 1443.48 247.08 1444.07 246.8C1444.65 246.52 1445.33 246.38 1446.09 246.38C1446.87 246.38 1447.54 246.527 1448.09 246.82C1448.63 247.1 1449.07 247.5 1449.39 248.02C1449.71 248.527 1449.92 249.127 1450.03 249.82C1450.15 250.513 1450.16 251.273 1450.07 252.1H1442.33L1443.23 251.42C1443.08 252.287 1443.11 253.053 1443.31 253.72C1443.52 254.373 1443.9 254.893 1444.45 255.28C1445.01 255.653 1445.73 255.84 1446.63 255.84C1447.2 255.84 1447.73 255.78 1448.23 255.66C1448.73 255.54 1449.15 255.42 1449.47 255.3L1449.69 256.56C1449.29 256.733 1448.79 256.887 1448.21 257.02C1447.62 257.153 1447.02 257.22 1446.41 257.22ZM1442.35 251.06H1448.49C1448.5 250.993 1448.51 250.933 1448.51 250.88C1448.51 250.827 1448.51 250.78 1448.51 250.74C1448.51 250.113 1448.41 249.573 1448.23 249.12C1448.04 248.653 1447.77 248.293 1447.41 248.04C1447.05 247.787 1446.59 247.66 1446.03 247.66C1445.37 247.66 1444.82 247.847 1444.37 248.22C1443.93 248.58 1443.6 249.06 1443.39 249.66C1443.17 250.26 1443.09 250.893 1443.13 251.56L1442.35 251.06ZM1452.34 242.04L1454.14 241.98V257H1452.34V242.04Z" fill="black" style="fill:black;fill-opacity:1;"/>
<rect x="956.75" y="382.75" width="198.5" height="51.5" rx="4.25" fill="white" style="fill:white;fill-opacity:1;"/>
<rect x="956.75" y="382.75" width="198.5" height="51.5" rx="4.25" stroke="#DBDBDB" style="stroke:#DBDBDB;stroke:color(display-p3 0.8588 0.8588 0.8588);stroke-opacity:1;" stroke-width="1.5"/>
<path d="M996.94 402.44H1004.74L1004.64 403.94H998.74V408.92H1004.14L1004.02 410.42H998.74V417H996.94V402.44ZM1006.7 417V409.54C1006.7 408.927 1006.7 408.393 1006.68 407.94C1006.67 407.473 1006.66 407.027 1006.64 406.6L1008.22 406.54L1008.36 408.38H1008.4C1008.78 407.78 1009.25 407.293 1009.82 406.92C1010.4 406.547 1011.12 406.38 1011.98 406.42V408.02C1011.21 407.967 1010.53 408.08 1009.94 408.36C1009.36 408.627 1008.88 409.06 1008.5 409.66V417H1006.7ZM1018.11 417.22C1017.45 417.22 1016.81 417.107 1016.21 416.88C1015.61 416.64 1015.09 416.293 1014.63 415.84C1014.19 415.387 1013.85 414.82 1013.59 414.14C1013.34 413.46 1013.21 412.68 1013.21 411.8C1013.21 410.92 1013.34 410.14 1013.59 409.46C1013.85 408.78 1014.19 408.213 1014.63 407.76C1015.09 407.307 1015.61 406.967 1016.21 406.74C1016.81 406.5 1017.45 406.38 1018.11 406.38C1018.79 406.38 1019.43 406.5 1020.01 406.74C1020.61 406.967 1021.14 407.307 1021.59 407.76C1022.05 408.213 1022.4 408.78 1022.65 409.46C1022.91 410.14 1023.03 410.92 1023.03 411.8C1023.03 412.68 1022.91 413.46 1022.65 414.14C1022.4 414.82 1022.05 415.387 1021.59 415.84C1021.14 416.293 1020.61 416.64 1020.01 416.88C1019.43 417.107 1018.79 417.22 1018.11 417.22ZM1018.11 415.86C1018.63 415.86 1019.09 415.76 1019.47 415.56C1019.87 415.36 1020.19 415.073 1020.43 414.7C1020.69 414.327 1020.87 413.893 1020.99 413.4C1021.13 412.907 1021.19 412.373 1021.19 411.8C1021.19 411.227 1021.13 410.693 1020.99 410.2C1020.87 409.707 1020.69 409.273 1020.43 408.9C1020.19 408.527 1019.87 408.24 1019.47 408.04C1019.09 407.84 1018.63 407.74 1018.11 407.74C1017.59 407.74 1017.14 407.84 1016.75 408.04C1016.37 408.24 1016.05 408.527 1015.79 408.9C1015.54 409.273 1015.35 409.707 1015.23 410.2C1015.11 410.693 1015.05 411.227 1015.05 411.8C1015.05 412.373 1015.11 412.907 1015.23 413.4C1015.35 413.893 1015.54 414.327 1015.79 414.7C1016.05 415.073 1016.37 415.36 1016.75 415.56C1017.14 415.76 1017.59 415.86 1018.11 415.86ZM1025.18 409.36C1025.18 408.853 1025.17 408.387 1025.16 407.96C1025.16 407.52 1025.15 407.067 1025.14 406.6L1026.7 406.54L1026.8 408.1H1026.88C1027.12 407.847 1027.41 407.587 1027.74 407.32C1028.07 407.053 1028.45 406.833 1028.88 406.66C1029.31 406.473 1029.78 406.38 1030.3 406.38C1030.89 406.38 1031.43 406.52 1031.92 406.8C1032.43 407.08 1032.8 407.54 1033.04 408.18H1033.08C1033.36 407.9 1033.67 407.627 1034.02 407.36C1034.38 407.08 1034.78 406.847 1035.22 406.66C1035.66 406.473 1036.14 406.38 1036.66 406.38C1037.13 406.38 1037.55 406.46 1037.94 406.62C1038.33 406.78 1038.67 407.02 1038.96 407.34C1039.27 407.66 1039.5 408.087 1039.66 408.62C1039.83 409.14 1039.92 409.767 1039.92 410.5V417H1038.14V410.78C1038.14 410.06 1038.05 409.487 1037.86 409.06C1037.67 408.633 1037.43 408.327 1037.12 408.14C1036.81 407.94 1036.45 407.84 1036.04 407.84C1035.63 407.84 1035.24 407.927 1034.88 408.1C1034.53 408.273 1034.22 408.487 1033.94 408.74C1033.66 408.98 1033.43 409.22 1033.24 409.46L1033.34 408.94C1033.38 409.247 1033.41 409.533 1033.42 409.8C1033.43 410.053 1033.44 410.347 1033.44 410.68V417H1031.68V410.72C1031.68 410.187 1031.61 409.707 1031.48 409.28C1031.35 408.84 1031.13 408.493 1030.84 408.24C1030.56 407.973 1030.17 407.84 1029.68 407.84C1029.28 407.84 1028.91 407.92 1028.56 408.08C1028.23 408.24 1027.92 408.433 1027.64 408.66C1027.37 408.887 1027.15 409.113 1026.96 409.34V417H1025.18V409.36ZM1050.51 417.22C1049.95 417.22 1049.49 417.127 1049.13 416.94C1048.78 416.753 1048.52 416.507 1048.35 416.2C1048.18 415.88 1048.06 415.52 1047.99 415.12C1047.92 414.72 1047.89 414.307 1047.89 413.88V407.92H1046.35L1046.45 406.66L1047.97 406.6L1048.09 404.24L1049.67 403.9V406.6H1052.33L1052.25 407.92H1049.67V413.68C1049.67 414 1049.7 414.32 1049.77 414.64C1049.85 414.947 1050 415.2 1050.21 415.4C1050.44 415.6 1050.76 415.7 1051.19 415.7C1051.4 415.7 1051.6 415.687 1051.79 415.66C1051.99 415.62 1052.16 415.58 1052.31 415.54L1052.37 416.9C1052.16 416.98 1051.88 417.053 1051.53 417.12C1051.18 417.187 1050.84 417.22 1050.51 417.22ZM1054.38 402.04L1056.18 401.98V408.08H1056.22C1056.5 407.8 1056.81 407.533 1057.14 407.28C1057.49 407.013 1057.87 406.8 1058.3 406.64C1058.73 406.467 1059.19 406.38 1059.7 406.38C1060.14 406.38 1060.56 406.46 1060.96 406.62C1061.37 406.78 1061.73 407.027 1062.04 407.36C1062.36 407.693 1062.61 408.133 1062.78 408.68C1062.97 409.213 1063.06 409.86 1063.06 410.62V417H1061.26V410.7C1061.26 410.167 1061.19 409.72 1061.06 409.36C1060.94 408.987 1060.77 408.693 1060.56 408.48C1060.35 408.253 1060.11 408.093 1059.84 408C1059.57 407.893 1059.3 407.84 1059.02 407.84C1058.61 407.84 1058.22 407.92 1057.86 408.08C1057.5 408.24 1057.18 408.44 1056.9 408.68C1056.63 408.907 1056.39 409.127 1056.18 409.34V417H1054.4L1054.38 402.04ZM1070.31 417.22C1069.17 417.22 1068.23 416.993 1067.47 416.54C1066.72 416.073 1066.16 415.44 1065.79 414.64C1065.41 413.827 1065.23 412.893 1065.23 411.84C1065.23 411.067 1065.33 410.353 1065.55 409.7C1065.76 409.047 1066.07 408.473 1066.47 407.98C1066.88 407.473 1067.38 407.08 1067.97 406.8C1068.55 406.52 1069.23 406.38 1069.99 406.38C1070.77 406.38 1071.44 406.527 1071.99 406.82C1072.53 407.1 1072.97 407.5 1073.29 408.02C1073.61 408.527 1073.82 409.127 1073.93 409.82C1074.05 410.513 1074.06 411.273 1073.97 412.1H1066.23L1067.13 411.42C1066.98 412.287 1067.01 413.053 1067.21 413.72C1067.42 414.373 1067.8 414.893 1068.35 415.28C1068.91 415.653 1069.63 415.84 1070.53 415.84C1071.1 415.84 1071.63 415.78 1072.13 415.66C1072.63 415.54 1073.05 415.42 1073.37 415.3L1073.59 416.56C1073.19 416.733 1072.69 416.887 1072.11 417.02C1071.52 417.153 1070.92 417.22 1070.31 417.22ZM1066.25 411.06H1072.39C1072.4 410.993 1072.41 410.933 1072.41 410.88C1072.41 410.827 1072.41 410.78 1072.41 410.74C1072.41 410.113 1072.31 409.573 1072.13 409.12C1071.94 408.653 1071.67 408.293 1071.31 408.04C1070.95 407.787 1070.49 407.66 1069.93 407.66C1069.27 407.66 1068.72 407.847 1068.27 408.22C1067.83 408.58 1067.5 409.06 1067.29 409.66C1067.07 410.26 1066.99 410.893 1067.03 411.56L1066.25 411.06ZM1079.8 406.6H1081.66L1083.88 415.34H1083.9L1084.78 412.18L1086.42 406.6H1087.98L1089.64 412.18L1090.5 415.34H1090.52L1092.74 406.6H1094.6L1091.52 417H1089.7L1087.2 408.8H1087.18L1084.7 417H1082.88L1079.8 406.6ZM1100.4 417.22C1099.27 417.22 1098.32 416.993 1097.56 416.54C1096.82 416.073 1096.26 415.44 1095.88 414.64C1095.51 413.827 1095.32 412.893 1095.32 411.84C1095.32 411.067 1095.43 410.353 1095.64 409.7C1095.86 409.047 1096.16 408.473 1096.56 407.98C1096.98 407.473 1097.48 407.08 1098.06 406.8C1098.65 406.52 1099.32 406.38 1100.08 406.38C1100.87 406.38 1101.54 406.527 1102.08 406.82C1102.63 407.1 1103.06 407.5 1103.38 408.02C1103.7 408.527 1103.92 409.127 1104.02 409.82C1104.14 410.513 1104.16 411.273 1104.06 412.1H1096.32L1097.22 411.42C1097.08 412.287 1097.1 413.053 1097.3 413.72C1097.52 414.373 1097.9 414.893 1098.44 415.28C1099 415.653 1099.73 415.84 1100.62 415.84C1101.2 415.84 1101.73 415.78 1102.22 415.66C1102.73 415.54 1103.14 415.42 1103.46 415.3L1103.68 416.56C1103.28 416.733 1102.79 416.887 1102.2 417.02C1101.62 417.153 1101.02 417.22 1100.4 417.22ZM1096.34 411.06H1102.48C1102.5 410.993 1102.5 410.933 1102.5 410.88C1102.5 410.827 1102.5 410.78 1102.5 410.74C1102.5 410.113 1102.41 409.573 1102.22 409.12C1102.04 408.653 1101.76 408.293 1101.4 408.04C1101.04 407.787 1100.58 407.66 1100.02 407.66C1099.37 407.66 1098.82 407.847 1098.36 408.22C1097.92 408.58 1097.6 409.06 1097.38 409.66C1097.17 410.26 1097.08 410.893 1097.12 411.56L1096.34 411.06ZM1111.17 417.22C1110.67 417.22 1110.21 417.14 1109.79 416.98C1109.39 416.807 1109.04 416.587 1108.73 416.32C1108.44 416.04 1108.19 415.753 1107.97 415.46H1107.95L1107.57 417H1106.27C1106.27 416.8 1106.27 416.58 1106.27 416.34C1106.29 416.087 1106.29 415.827 1106.29 415.56C1106.31 415.293 1106.31 415.033 1106.31 414.78C1106.33 414.513 1106.33 414.273 1106.33 414.06V402.04L1108.13 401.98V408.06H1108.15C1108.47 407.647 1108.92 407.267 1109.49 406.92C1110.07 406.56 1110.71 406.38 1111.41 406.38C1112.25 406.38 1112.97 406.6 1113.55 407.04C1114.14 407.467 1114.59 408.073 1114.89 408.86C1115.21 409.647 1115.37 410.567 1115.37 411.62C1115.37 412.74 1115.19 413.72 1114.81 414.56C1114.45 415.387 1113.96 416.04 1113.33 416.52C1112.71 416.987 1111.99 417.22 1111.17 417.22ZM1110.71 415.78C1111.37 415.78 1111.9 415.587 1112.31 415.2C1112.73 414.813 1113.03 414.313 1113.23 413.7C1113.43 413.087 1113.53 412.42 1113.53 411.7C1113.53 410.913 1113.43 410.233 1113.21 409.66C1113.01 409.073 1112.71 408.627 1112.29 408.32C1111.89 408 1111.4 407.84 1110.81 407.84C1110.44 407.84 1110.08 407.913 1109.73 408.06C1109.39 408.207 1109.07 408.4 1108.79 408.64C1108.53 408.867 1108.31 409.113 1108.13 409.38V413.88C1108.24 414.187 1108.41 414.487 1108.63 414.78C1108.87 415.06 1109.17 415.3 1109.51 415.5C1109.87 415.687 1110.27 415.78 1110.71 415.78Z" fill="black" style="fill:black;fill-opacity:1;"/>
<path d="M830 286L905 361L830 436L755 361L830 286Z" fill="#329A93" style="fill:#329A93;fill:color(display-p3 0.1976 0.6049 0.5760);fill-opacity:1;"/>
<path d="M813.972 366.16H808.152L807.152 369H804.772L809.752 355.08H812.392L817.372 369H814.972L813.972 366.16ZM813.332 364.3L811.072 357.84L808.792 364.3H813.332ZM818.777 363.44C818.777 362.333 819.004 361.353 819.457 360.5C819.924 359.647 820.55 358.987 821.337 358.52C822.137 358.04 823.024 357.8 823.997 357.8C824.717 357.8 825.424 357.96 826.117 358.28C826.824 358.587 827.384 359 827.797 359.52V354.2H830.097V369H827.797V367.34C827.424 367.873 826.904 368.313 826.237 368.66C825.584 369.007 824.83 369.18 823.977 369.18C823.017 369.18 822.137 368.94 821.337 368.46C820.55 367.967 819.924 367.287 819.457 366.42C819.004 365.54 818.777 364.547 818.777 363.44ZM827.797 363.48C827.797 362.72 827.637 362.06 827.317 361.5C827.01 360.94 826.604 360.513 826.097 360.22C825.59 359.927 825.044 359.78 824.457 359.78C823.87 359.78 823.324 359.927 822.817 360.22C822.31 360.5 821.897 360.92 821.577 361.48C821.27 362.027 821.117 362.68 821.117 363.44C821.117 364.2 821.27 364.867 821.577 365.44C821.897 366.013 822.31 366.453 822.817 366.76C823.337 367.053 823.884 367.2 824.457 367.2C825.044 367.2 825.59 367.053 826.097 366.76C826.604 366.467 827.01 366.04 827.317 365.48C827.637 364.907 827.797 364.24 827.797 363.48ZM832.332 363.44C832.332 362.333 832.558 361.353 833.012 360.5C833.478 359.647 834.105 358.987 834.892 358.52C835.692 358.04 836.578 357.8 837.552 357.8C838.272 357.8 838.978 357.96 839.672 358.28C840.378 358.587 840.938 359 841.352 359.52V354.2H843.652V369H841.352V367.34C840.978 367.873 840.458 368.313 839.792 368.66C839.138 369.007 838.385 369.18 837.532 369.18C836.572 369.18 835.692 368.94 834.892 368.46C834.105 367.967 833.478 367.287 833.012 366.42C832.558 365.54 832.332 364.547 832.332 363.44ZM841.352 363.48C841.352 362.72 841.192 362.06 840.872 361.5C840.565 360.94 840.158 360.513 839.652 360.22C839.145 359.927 838.598 359.78 838.012 359.78C837.425 359.78 836.878 359.927 836.372 360.22C835.865 360.5 835.452 360.92 835.132 361.48C834.825 362.027 834.672 362.68 834.672 363.44C834.672 364.2 834.825 364.867 835.132 365.44C835.452 366.013 835.865 366.453 836.372 366.76C836.892 367.053 837.438 367.2 838.012 367.2C838.598 367.2 839.145 367.053 839.652 366.76C840.158 366.467 840.565 366.04 840.872 365.48C841.192 364.907 841.352 364.24 841.352 363.48ZM850.386 354.9C851.746 354.9 852.833 355.273 853.646 356.02C854.473 356.767 854.886 357.787 854.886 359.08C854.886 360.427 854.46 361.44 853.606 362.12C852.753 362.8 851.62 363.14 850.206 363.14L850.126 364.72H848.146L848.046 361.58H848.706C850 361.58 850.986 361.407 851.666 361.06C852.36 360.713 852.706 360.053 852.706 359.08C852.706 358.373 852.5 357.82 852.086 357.42C851.686 357.02 851.126 356.82 850.406 356.82C849.686 356.82 849.12 357.013 848.706 357.4C848.293 357.787 848.086 358.327 848.086 359.02H845.946C845.946 358.22 846.126 357.507 846.486 356.88C846.846 356.253 847.36 355.767 848.026 355.42C848.706 355.073 849.493 354.9 850.386 354.9ZM849.106 369.14C848.693 369.14 848.346 369 848.066 368.72C847.786 368.44 847.646 368.093 847.646 367.68C847.646 367.267 847.786 366.92 848.066 366.64C848.346 366.36 848.693 366.22 849.106 366.22C849.506 366.22 849.846 366.36 850.126 366.64C850.406 366.92 850.546 367.267 850.546 367.68C850.546 368.093 850.406 368.44 850.126 368.72C849.846 369 849.506 369.14 849.106 369.14Z" fill="white" style="fill:white;fill-opacity:1;"/>
<path d="M909 359.5C908.172 359.5 907.5 360.172 907.5 361C907.5 361.828 908.172 362.5 909 362.5V361V359.5ZM953.061 312.561C953.646 311.975 953.646 311.025 953.061 310.439L943.515 300.893C942.929 300.308 941.979 300.308 941.393 300.893C940.808 301.479 940.808 302.429 941.393 303.015L949.879 311.5L941.393 319.985C940.808 320.571 940.808 321.521 941.393 322.107C941.979 322.692 942.929 322.692 943.515 322.107L953.061 312.561ZM924 346H925.5V335.5H924H922.5V346H924ZM948 311.5V313H952V311.5V310H948V311.5ZM924 335.5H925.5C925.5 323.074 935.574 313 948 313V311.5V310C933.917 310 922.5 321.417 922.5 335.5H924ZM909 361V362.5C918.113 362.5 925.5 355.113 925.5 346H924H922.5C922.5 353.456 916.456 359.5 909 359.5V361Z" fill="#B3B3B3" style="fill:#B3B3B3;fill:color(display-p3 0.7020 0.7020 0.7020);fill-opacity:1;"/>
<path d="M1160 310C1159.17 310 1158.5 310.672 1158.5 311.5C1158.5 312.328 1159.17 313 1160 313V311.5V310ZM1324.06 249.561C1324.65 248.975 1324.65 248.025 1324.06 247.439L1314.51 237.893C1313.93 237.308 1312.98 237.308 1312.39 237.893C1311.81 238.479 1311.81 239.429 1312.39 240.015L1320.88 248.5L1312.39 256.985C1311.81 257.571 1311.81 258.521 1312.39 259.107C1312.98 259.692 1313.93 259.692 1314.51 259.107L1324.06 249.561ZM1160 311.5V313H1217.5V311.5V310H1160V311.5ZM1241.5 287.5H1243V272.5H1241.5H1240V287.5H1241.5ZM1265.5 248.5V250H1323V248.5V247H1265.5V248.5ZM1241.5 272.5H1243C1243 260.074 1253.07 250 1265.5 250V248.5V247C1251.42 247 1240 258.417 1240 272.5H1241.5ZM1217.5 311.5V313C1231.58 313 1243 301.583 1243 287.5H1241.5H1240C1240 299.926 1229.93 310 1217.5 310V311.5Z" fill="#B3B3B3" style="fill:#B3B3B3;fill:color(display-p3 0.7020 0.7020 0.7020);fill-opacity:1;"/>
<path d="M909 359.5C908.172 359.5 907.5 360.172 907.5 361C907.5 361.828 908.172 362.5 909 362.5V361V359.5ZM953.061 409.561C953.646 408.975 953.646 408.025 953.061 407.439L943.515 397.893C942.929 397.308 941.979 397.308 941.393 397.893C940.808 398.479 940.808 399.429 941.393 400.015L949.879 408.5L941.393 416.985C940.808 417.571 940.808 418.521 941.393 419.107C941.979 419.692 942.929 419.692 943.515 419.107L953.061 409.561ZM925 377H923.5V384.75H925H926.5V377H925ZM948.75 408.5V410H952V408.5V407H948.75V408.5ZM925 384.75H923.5C923.5 398.695 934.805 410 948.75 410V408.5V407C936.462 407 926.5 397.038 926.5 384.75H925ZM909 361V362.5C917.008 362.5 923.5 368.992 923.5 377H925H926.5C926.5 367.335 918.665 359.5 909 359.5V361Z" fill="#B3B3B3" style="fill:#B3B3B3;fill:color(display-p3 0.7020 0.7020 0.7020);fill-opacity:1;"/>
<rect x="1323.5" y="345.5" width="248" height="56" rx="4.5" fill="#461774" style="fill:#461774;fill:color(display-p3 0.2730 0.0910 0.4549);fill-opacity:1;"/>
<rect x="1323.5" y="345.5" width="248" height="56" rx="4.5" stroke="white" style="stroke:white;stroke-opacity:1;"/>
<path d="M1339.81 373.322C1339.81 371.826 1340.16 370.484 1340.85 369.296C1341.55 368.108 1342.5 367.184 1343.69 366.524C1344.89 365.849 1346.2 365.512 1347.62 365.512C1349.25 365.512 1350.7 365.915 1351.96 366.722C1353.23 367.514 1354.16 368.643 1354.73 370.11H1351.72C1351.32 369.303 1350.77 368.702 1350.07 368.306C1349.36 367.91 1348.55 367.712 1347.62 367.712C1346.61 367.712 1345.71 367.939 1344.92 368.394C1344.13 368.849 1343.5 369.501 1343.05 370.352C1342.61 371.203 1342.39 372.193 1342.39 373.322C1342.39 374.451 1342.61 375.441 1343.05 376.292C1343.5 377.143 1344.13 377.803 1344.92 378.272C1345.71 378.727 1346.61 378.954 1347.62 378.954C1348.55 378.954 1349.36 378.756 1350.07 378.36C1350.77 377.964 1351.32 377.363 1351.72 376.556H1354.73C1354.16 378.023 1353.23 379.152 1351.96 379.944C1350.7 380.736 1349.25 381.132 1347.62 381.132C1346.19 381.132 1344.87 380.802 1343.69 380.142C1342.5 379.467 1341.55 378.536 1340.85 377.348C1340.16 376.16 1339.81 374.818 1339.81 373.322ZM1362.92 381.198C1361.78 381.198 1360.75 380.941 1359.82 380.428C1358.9 379.9 1358.17 379.167 1357.64 378.228C1357.12 377.275 1356.85 376.175 1356.85 374.928C1356.85 373.696 1357.12 372.603 1357.67 371.65C1358.21 370.697 1358.95 369.963 1359.89 369.45C1360.83 368.937 1361.87 368.68 1363.03 368.68C1364.19 368.68 1365.24 368.937 1366.18 369.45C1367.12 369.963 1367.86 370.697 1368.4 371.65C1368.94 372.603 1369.22 373.696 1369.22 374.928C1369.22 376.16 1368.94 377.253 1368.38 378.206C1367.82 379.159 1367.06 379.9 1366.09 380.428C1365.14 380.941 1364.08 381.198 1362.92 381.198ZM1362.92 379.02C1363.57 379.02 1364.17 378.866 1364.73 378.558C1365.3 378.25 1365.76 377.788 1366.11 377.172C1366.47 376.556 1366.64 375.808 1366.64 374.928C1366.64 374.048 1366.47 373.307 1366.14 372.706C1365.8 372.09 1365.35 371.628 1364.79 371.32C1364.24 371.012 1363.63 370.858 1362.99 370.858C1362.34 370.858 1361.74 371.012 1361.19 371.32C1360.64 371.628 1360.21 372.09 1359.89 372.706C1359.56 373.307 1359.4 374.048 1359.4 374.928C1359.4 376.233 1359.73 377.245 1360.39 377.964C1361.07 378.668 1361.91 379.02 1362.92 379.02ZM1377.81 368.68C1378.76 368.68 1379.61 368.878 1380.36 369.274C1381.13 369.67 1381.72 370.257 1382.14 371.034C1382.57 371.811 1382.78 372.75 1382.78 373.85V381H1380.3V374.224C1380.3 373.139 1380.03 372.31 1379.48 371.738C1378.94 371.151 1378.2 370.858 1377.26 370.858C1376.32 370.858 1375.57 371.151 1375.02 371.738C1374.47 372.31 1374.2 373.139 1374.2 374.224V381H1371.69V368.878H1374.2V370.264C1374.61 369.765 1375.13 369.377 1375.76 369.098C1376.41 368.819 1377.09 368.68 1377.81 368.68ZM1391.06 370.924H1388.82V381H1386.29V370.924H1384.86V368.878H1386.29V368.02C1386.29 366.627 1386.66 365.615 1387.39 364.984C1388.14 364.339 1389.3 364.016 1390.89 364.016V366.106C1390.13 366.106 1389.59 366.253 1389.28 366.546C1388.97 366.825 1388.82 367.316 1388.82 368.02V368.878H1391.06V370.924ZM1394.56 367.272C1394.11 367.272 1393.73 367.118 1393.42 366.81C1393.11 366.502 1392.96 366.121 1392.96 365.666C1392.96 365.211 1393.11 364.83 1393.42 364.522C1393.73 364.214 1394.11 364.06 1394.56 364.06C1395 364.06 1395.38 364.214 1395.68 364.522C1395.99 364.83 1396.15 365.211 1396.15 365.666C1396.15 366.121 1395.99 366.502 1395.68 366.81C1395.38 367.118 1395 367.272 1394.56 367.272ZM1395.79 368.878V381H1393.29V368.878H1395.79ZM1401.6 370.638C1401.96 370.022 1402.45 369.545 1403.05 369.208C1403.66 368.856 1404.39 368.68 1405.23 368.68V371.276H1404.59C1403.6 371.276 1402.86 371.525 1402.34 372.024C1401.84 372.523 1401.6 373.388 1401.6 374.62V381H1399.09V368.878H1401.6V370.638ZM1422.2 368.68C1423.16 368.68 1424.01 368.878 1424.76 369.274C1425.52 369.67 1426.11 370.257 1426.54 371.034C1426.98 371.811 1427.2 372.75 1427.2 373.85V381H1424.71V374.224C1424.71 373.139 1424.44 372.31 1423.9 371.738C1423.36 371.151 1422.62 370.858 1421.68 370.858C1420.74 370.858 1419.99 371.151 1419.43 371.738C1418.89 372.31 1418.62 373.139 1418.62 374.224V381H1416.13V374.224C1416.13 373.139 1415.86 372.31 1415.32 371.738C1414.78 371.151 1414.04 370.858 1413.1 370.858C1412.16 370.858 1411.41 371.151 1410.85 371.738C1410.31 372.31 1410.04 373.139 1410.04 374.224V381H1407.53V368.878H1410.04V370.264C1410.45 369.765 1410.97 369.377 1411.6 369.098C1412.23 368.819 1412.91 368.68 1413.62 368.68C1414.59 368.68 1415.46 368.885 1416.22 369.296C1416.98 369.707 1417.57 370.301 1417.98 371.078C1418.35 370.345 1418.92 369.765 1419.7 369.34C1420.47 368.9 1421.31 368.68 1422.2 368.68ZM1429.55 374.884C1429.55 373.667 1429.8 372.589 1430.3 371.65C1430.82 370.711 1431.5 369.985 1432.37 369.472C1433.25 368.944 1434.22 368.68 1435.27 368.68C1436.23 368.68 1437.06 368.871 1437.76 369.252C1438.48 369.619 1439.05 370.081 1439.48 370.638V368.878H1442.01V381H1439.48V379.196C1439.05 379.768 1438.47 380.245 1437.74 380.626C1437 381.007 1436.17 381.198 1435.23 381.198C1434.19 381.198 1433.24 380.934 1432.37 380.406C1431.5 379.863 1430.82 379.115 1430.3 378.162C1429.8 377.194 1429.55 376.101 1429.55 374.884ZM1439.48 374.928C1439.48 374.092 1439.3 373.366 1438.95 372.75C1438.61 372.134 1438.16 371.665 1437.61 371.342C1437.05 371.019 1436.45 370.858 1435.8 370.858C1435.16 370.858 1434.56 371.019 1434 371.342C1433.44 371.65 1432.99 372.112 1432.63 372.728C1432.3 373.329 1432.13 374.048 1432.13 374.884C1432.13 375.72 1432.3 376.453 1432.63 377.084C1432.99 377.715 1433.44 378.199 1434 378.536C1434.57 378.859 1435.17 379.02 1435.8 379.02C1436.45 379.02 1437.05 378.859 1437.61 378.536C1438.16 378.213 1438.61 377.744 1438.95 377.128C1439.3 376.497 1439.48 375.764 1439.48 374.928ZM1448.23 370.924V377.634C1448.23 378.089 1448.33 378.419 1448.53 378.624C1448.75 378.815 1449.12 378.91 1449.63 378.91H1451.17V381H1449.19C1448.07 381 1447.2 380.736 1446.6 380.208C1446 379.68 1445.7 378.822 1445.7 377.634V370.924H1444.27V368.878H1445.7V365.864H1448.23V368.878H1451.17V370.924H1448.23ZM1454.76 367.272C1454.31 367.272 1453.93 367.118 1453.62 366.81C1453.31 366.502 1453.16 366.121 1453.16 365.666C1453.16 365.211 1453.31 364.83 1453.62 364.522C1453.93 364.214 1454.31 364.06 1454.76 364.06C1455.2 364.06 1455.58 364.214 1455.88 364.522C1456.19 364.83 1456.35 365.211 1456.35 365.666C1456.35 366.121 1456.19 366.502 1455.88 366.81C1455.58 367.118 1455.2 367.272 1454.76 367.272ZM1455.99 368.878V381H1453.49V368.878H1455.99ZM1464.54 381.198C1463.4 381.198 1462.37 380.941 1461.44 380.428C1460.52 379.9 1459.79 379.167 1459.26 378.228C1458.74 377.275 1458.47 376.175 1458.47 374.928C1458.47 373.696 1458.74 372.603 1459.29 371.65C1459.83 370.697 1460.57 369.963 1461.51 369.45C1462.45 368.937 1463.5 368.68 1464.65 368.68C1465.81 368.68 1466.86 368.937 1467.8 369.45C1468.74 369.963 1469.48 370.697 1470.02 371.65C1470.57 372.603 1470.84 373.696 1470.84 374.928C1470.84 376.16 1470.56 377.253 1470 378.206C1469.44 379.159 1468.68 379.9 1467.71 380.428C1466.76 380.941 1465.7 381.198 1464.54 381.198ZM1464.54 379.02C1465.19 379.02 1465.79 378.866 1466.35 378.558C1466.92 378.25 1467.38 377.788 1467.73 377.172C1468.09 376.556 1468.26 375.808 1468.26 374.928C1468.26 374.048 1468.09 373.307 1467.76 372.706C1467.42 372.09 1466.97 371.628 1466.41 371.32C1465.86 371.012 1465.26 370.858 1464.61 370.858C1463.97 370.858 1463.36 371.012 1462.81 371.32C1462.26 371.628 1461.83 372.09 1461.51 372.706C1461.19 373.307 1461.02 374.048 1461.02 374.928C1461.02 376.233 1461.35 377.245 1462.01 377.964C1462.69 378.668 1463.53 379.02 1464.54 379.02ZM1479.43 368.68C1480.39 368.68 1481.24 368.878 1481.98 369.274C1482.75 369.67 1483.34 370.257 1483.77 371.034C1484.19 371.811 1484.4 372.75 1484.4 373.85V381H1481.92V374.224C1481.92 373.139 1481.65 372.31 1481.1 371.738C1480.56 371.151 1479.82 370.858 1478.88 370.858C1477.94 370.858 1477.2 371.151 1476.64 371.738C1476.1 372.31 1475.82 373.139 1475.82 374.224V381H1473.32V368.878H1475.82V370.264C1476.23 369.765 1476.76 369.377 1477.39 369.098C1478.03 368.819 1478.71 368.68 1479.43 368.68ZM1496.24 370.924V377.634C1496.24 378.089 1496.35 378.419 1496.55 378.624C1496.77 378.815 1497.14 378.91 1497.65 378.91H1499.19V381H1497.21C1496.08 381 1495.22 380.736 1494.62 380.208C1494.01 379.68 1493.71 378.822 1493.71 377.634V370.924H1492.28V368.878H1493.71V365.864H1496.24V368.878H1499.19V370.924H1496.24ZM1506.76 381.198C1505.62 381.198 1504.58 380.941 1503.66 380.428C1502.74 379.9 1502.01 379.167 1501.48 378.228C1500.95 377.275 1500.69 376.175 1500.69 374.928C1500.69 373.696 1500.96 372.603 1501.5 371.65C1502.05 370.697 1502.79 369.963 1503.73 369.45C1504.66 368.937 1505.71 368.68 1506.87 368.68C1508.03 368.68 1509.08 368.937 1510.02 369.45C1510.96 369.963 1511.7 370.697 1512.24 371.65C1512.78 372.603 1513.05 373.696 1513.05 374.928C1513.05 376.16 1512.77 377.253 1512.22 378.206C1511.66 379.159 1510.9 379.9 1509.93 380.428C1508.98 380.941 1507.92 381.198 1506.76 381.198ZM1506.76 379.02C1507.41 379.02 1508.01 378.866 1508.57 378.558C1509.14 378.25 1509.6 377.788 1509.95 377.172C1510.3 376.556 1510.48 375.808 1510.48 374.928C1510.48 374.048 1510.31 373.307 1509.97 372.706C1509.64 372.09 1509.19 371.628 1508.63 371.32C1508.07 371.012 1507.47 370.858 1506.83 370.858C1506.18 370.858 1505.58 371.012 1505.02 371.32C1504.48 371.628 1504.05 372.09 1503.73 372.706C1503.4 373.307 1503.24 374.048 1503.24 374.928C1503.24 376.233 1503.57 377.245 1504.23 377.964C1504.91 378.668 1505.75 379.02 1506.76 379.02ZM1514.7 374.884C1514.7 373.667 1514.95 372.589 1515.44 371.65C1515.96 370.711 1516.65 369.985 1517.51 369.472C1518.39 368.944 1519.36 368.68 1520.42 368.68C1521.37 368.68 1522.2 368.871 1522.9 369.252C1523.62 369.619 1524.19 370.081 1524.62 370.638V368.878H1527.15V381H1524.62V379.196C1524.19 379.768 1523.61 380.245 1522.88 380.626C1522.15 381.007 1521.31 381.198 1520.37 381.198C1519.33 381.198 1518.38 380.934 1517.51 380.406C1516.65 379.863 1515.96 379.115 1515.44 378.162C1514.95 377.194 1514.7 376.101 1514.7 374.884ZM1524.62 374.928C1524.62 374.092 1524.44 373.366 1524.09 372.75C1523.75 372.134 1523.31 371.665 1522.75 371.342C1522.19 371.019 1521.59 370.858 1520.94 370.858C1520.3 370.858 1519.7 371.019 1519.14 371.342C1518.58 371.65 1518.13 372.112 1517.78 372.728C1517.44 373.329 1517.27 374.048 1517.27 374.884C1517.27 375.72 1517.44 376.453 1517.78 377.084C1518.13 377.715 1518.58 378.199 1519.14 378.536C1519.71 378.859 1520.31 379.02 1520.94 379.02C1521.59 379.02 1522.19 378.859 1522.75 378.536C1523.31 378.213 1523.75 377.744 1524.09 377.128C1524.44 376.497 1524.62 375.764 1524.62 374.928ZM1534.84 381.198C1533.89 381.198 1533.03 381.029 1532.27 380.692C1531.52 380.34 1530.93 379.871 1530.49 379.284C1530.05 378.683 1529.81 378.015 1529.78 377.282H1532.38C1532.42 377.795 1532.66 378.228 1533.1 378.58C1533.56 378.917 1534.12 379.086 1534.8 379.086C1535.5 379.086 1536.05 378.954 1536.43 378.69C1536.82 378.411 1537.02 378.059 1537.02 377.634C1537.02 377.179 1536.8 376.842 1536.36 376.622C1535.94 376.402 1535.25 376.16 1534.31 375.896C1533.41 375.647 1532.66 375.405 1532.09 375.17C1531.52 374.935 1531.02 374.576 1530.6 374.092C1530.19 373.608 1529.98 372.97 1529.98 372.178C1529.98 371.533 1530.17 370.946 1530.55 370.418C1530.93 369.875 1531.48 369.45 1532.18 369.142C1532.9 368.834 1533.72 368.68 1534.64 368.68C1536.02 368.68 1537.13 369.032 1537.97 369.736C1538.82 370.425 1539.27 371.371 1539.33 372.574H1536.82C1536.78 372.031 1536.56 371.599 1536.16 371.276C1535.77 370.953 1535.23 370.792 1534.56 370.792C1533.9 370.792 1533.39 370.917 1533.04 371.166C1532.69 371.415 1532.51 371.745 1532.51 372.156C1532.51 372.479 1532.63 372.75 1532.86 372.97C1533.1 373.19 1533.38 373.366 1533.72 373.498C1534.06 373.615 1534.56 373.769 1535.22 373.96C1536.1 374.195 1536.82 374.437 1537.37 374.686C1537.94 374.921 1538.44 375.273 1538.85 375.742C1539.26 376.211 1539.47 376.835 1539.48 377.612C1539.48 378.301 1539.29 378.917 1538.91 379.46C1538.53 380.003 1537.99 380.428 1537.28 380.736C1536.6 381.044 1535.78 381.198 1534.84 381.198ZM1545.12 370.924V377.634C1545.12 378.089 1545.22 378.419 1545.43 378.624C1545.65 378.815 1546.02 378.91 1546.53 378.91H1548.07V381H1546.09C1544.96 381 1544.09 380.736 1543.49 380.208C1542.89 379.68 1542.59 378.822 1542.59 377.634V370.924H1541.16V368.878H1542.59V365.864H1545.12V368.878H1548.07V370.924H1545.12ZM1553.53 365.71L1553.24 376.38H1551.15L1550.86 365.71H1553.53ZM1552.27 381.154C1551.82 381.154 1551.44 381 1551.13 380.692C1550.82 380.384 1550.67 380.003 1550.67 379.548C1550.67 379.093 1550.82 378.712 1551.13 378.404C1551.44 378.096 1551.82 377.942 1552.27 377.942C1552.71 377.942 1553.09 378.096 1553.39 378.404C1553.7 378.712 1553.86 379.093 1553.86 379.548C1553.86 380.003 1553.7 380.384 1553.39 380.692C1553.09 381 1552.71 381.154 1552.27 381.154Z" fill="white" style="fill:white;fill-opacity:1;"/>
<path d="M1160 310C1159.17 310 1158.5 310.672 1158.5 311.5C1158.5 312.328 1159.17 313 1160 313V311.5V310ZM1320.06 374.561C1320.65 373.975 1320.65 373.025 1320.06 372.439L1310.51 362.893C1309.93 362.308 1308.98 362.308 1308.39 362.893C1307.81 363.479 1307.81 364.429 1308.39 365.015L1316.88 373.5L1308.39 381.985C1307.81 382.571 1307.81 383.521 1308.39 384.107C1308.98 384.692 1309.93 384.692 1310.51 384.107L1320.06 374.561ZM1160 311.5V313H1215.5V311.5V310H1160V311.5ZM1239.5 335.5H1238V349.5H1239.5H1241V335.5H1239.5ZM1263.5 373.5V375H1319V373.5V372H1263.5V373.5ZM1239.5 349.5H1238C1238 363.583 1249.42 375 1263.5 375V373.5V372C1251.07 372 1241 361.926 1241 349.5H1239.5ZM1215.5 311.5V313C1227.93 313 1238 323.074 1238 335.5H1239.5H1241C1241 321.417 1229.58 310 1215.5 310V311.5Z" fill="#B3B3B3" style="fill:#B3B3B3;fill:color(display-p3 0.7020 0.7020 0.7020);fill-opacity:1;"/>
<path d="M559 408C558.172 408 557.5 408.672 557.5 409.5C557.5 410.328 558.172 411 559 411V409.5V408ZM752.061 362.061C752.646 361.475 752.646 360.525 752.061 359.939L742.515 350.393C741.929 349.808 740.979 349.808 740.393 350.393C739.808 350.979 739.808 351.929 740.393 352.515L748.879 361L740.393 369.485C739.808 370.071 739.808 371.021 740.393 371.607C740.979 372.192 741.929 372.192 742.515 371.607L752.061 362.061ZM559 409.5V411H645V409.5V408H559V409.5ZM669 385.5H670.5V385H669H667.5V385.5H669ZM693 361V362.5H751V361V359.5H693V361ZM669 385H670.5C670.5 372.574 680.574 362.5 693 362.5V361V359.5C678.917 359.5 667.5 370.917 667.5 385H669ZM645 409.5V411C659.083 411 670.5 399.583 670.5 385.5H669H667.5C667.5 397.926 657.426 408 645 408V409.5Z" fill="#B3B3B3" style="fill:#B3B3B3;fill:color(display-p3 0.7020 0.7020 0.7020);fill-opacity:1;"/>
<path d="M559 320C558.172 320 557.5 320.672 557.5 321.5C557.5 322.328 558.172 323 559 323V321.5V320ZM752.061 362.061C752.646 361.475 752.646 360.525 752.061 359.939L742.515 350.393C741.929 349.808 740.979 349.808 740.393 350.393C739.808 350.979 739.808 351.929 740.393 352.515L748.879 361L740.393 369.485C739.808 370.071 739.808 371.021 740.393 371.607C740.979 372.192 741.929 372.192 742.515 371.607L752.061 362.061ZM559 321.5V323H649.25V321.5V320H559V321.5ZM688.75 361V362.5H751V361V359.5H688.75V361ZM669 341.25H667.5C667.5 352.986 677.014 362.5 688.75 362.5V361V359.5C678.671 359.5 670.5 351.329 670.5 341.25H669ZM649.25 321.5V323C659.329 323 667.5 331.171 667.5 341.25H669H670.5C670.5 329.514 660.986 320 649.25 320V321.5Z" fill="#B3B3B3" style="fill:#B3B3B3;fill:color(display-p3 0.7020 0.7020 0.7020);fill-opacity:1;"/>
<defs>
<filter id="filter0_d_979_48202" x="584" y="63" width="44" height="44" filterUnits="userSpaceOnUse" color-interpolation-filters="sRGB">
<feFlood flood-opacity="0" result="BackgroundImageFix"/>
<feColorMatrix in="SourceAlpha" type="matrix" values="0 0 0 0 0 0 0 0 0 0 0 0 0 0 0 0 0 0 127 0" result="hardAlpha"/>
<feOffset dy="2"/>
<feGaussianBlur stdDeviation="1"/>
<feComposite in2="hardAlpha" operator="out"/>
<feColorMatrix type="matrix" values="0 0 0 0 0 0 0 0 0 0 0 0 0 0 0 0 0 0 0.1 0"/>
<feBlend mode="normal" in2="BackgroundImageFix" result="effect1_dropShadow_979_48202"/>
<feBlend mode="normal" in="SourceGraphic" in2="effect1_dropShadow_979_48202" result="shape"/>
</filter>
<clipPath id="clip0_979_48202">
<rect width="40" height="40" fill="white" style="fill:white;fill-opacity:1;" transform="translate(586 63)"/>
</clipPath>
</defs>
</svg>
